System PWS ID,System Name,System Primary Source Water Type,Population,Sample Date,County,PFOS (ng/L),PFOA (ng/L),GenX = HFPO-DA (ng/L),PFBS (ng/L),PFNA (ng/L),PFHxS (ng/L),NC0157138,COLD SPRINGS POA,Groundwater,165,8/8/2023,MACON,0.906,ND,ND.1,ND.2,ND.3,ND.4,NC0368118,HILL TOP MHP,84,5/4/2023,ORANGE,1.98,2.55,8.24,11.9,NC0145171,OAK CREST RETIREMENT ESTATES,98,10/26/2023,HENDERSON,3.43,4.71,6.33,1.34,NC0392126,SUMMERFIELD MHP,110,5/11/2023,WAKE,0.257
NC0347102,401 MOBILE HOME PARK,Groundwater,75.0,8/15/2023,HOKE,ND,ND,ND,ND,ND,ND,,,,,,,,,,,,,,,,,,,,,,,,,,,,,,,,,,,,
NC1045041,ACONY BELL COMMUNITY,Groundwater,150.0,9/13/2023,HENDERSON,ND,ND,ND,ND,ND,ND,,,,,,,,,,,,,,,,,,,,,,,,,,,,,,,,,,,,
NC0392101,ACRES OF SPACE MHP,Groundwater,332.0,5/11/2023,WAKE,17.7,13.6,ND,6.23,ND,6.8,,,,,,,,,,,,,,,,,,,,,,,,,,,,,,,,,,,,
NC0351120,ADAMS MHP,Groundwater,80.0,8/16/2023,JOHNSTON,ND,0.938,ND,0.973,ND,0.881,,,,,,,,,,,,,,,,,,,,,,,,,,,,,,,,,,,,
NC1011038,ALL GOD'S CHILDREN CEC,Groundwater,50.0,8/1/2023,BUNCOMBE,ND,ND,ND,0.92,ND,0.732,,,,,,,,,,,,,,,,,,,,,,,,,,,,,,,,,,,,
NC0136103,ALLEN MHP LLC,Groundwater,64.0,9/12/2023,GASTON,2.91,3.13,ND,1.1,ND,2.25,,,,,,,,,,,,,,,,,,,,,,,,,,,,,,,,,,,,
NC0188444,ANCHOR BAPTIST,Groundwater,300.0,8/17/2023,TRANSYLVANIA,ND,ND,ND,1.07,ND,ND,,,,,,,,,,,,,,,,,,,,,,,,,,,,,,,,,,,,
NC0368108,ARBOR HILL MHP,Groundwater,85.0,5/4/2023,ORANGE,22.1,10.4,ND,3.47,ND,5.2,,,,,,,,,,,,,,,,,,,,,,,,,,,,,,,,,,,,
NC0136252,ARCHDALE/TRYON MHP,Groundwater,74.0,8/22/2023,GASTON,ND,0.834,ND,ND,ND,0.701,,,,,,,,,,,,,,,,,,,,,,,,,,,,,,,,,,,,
NC0160515,ARLINGTON BAPTIST CHURCH INC,Groundwater,350.0,10/12/2023,MECKLENBURG,2.73,0.871,ND,1.82,ND,1.49,,,,,,,,,,,,,,,,,,,,,,,,,,,,,,,,,,,,
NC4092184,ARLINGTON S/D,Groundwater,46.0,5/16/2023,WAKE,ND,ND,ND,ND,ND,ND,,,,,,,,,,,,,,,,,,,,,,,,,,,,,,,,,,,,
NC0100459,ARTHUR MORGAN SCHOOL,Groundwater,42.0,8/30/2023,YANCEY,ND,ND,ND,ND,ND,ND,,,,,,,,,,,,,,,,,,,,,,,,,,,,,,,,,,,,
NC3041103,ASHCROFT PARK,Groundwater,175.0,8/28/2023,GUILFORD,ND,ND,ND,ND,ND,ND,,,,,,,,,,,,,,,,,,,,,,,,,,,,,,,,,,,,
NC3076008,ASHEBORO COUNTRY CLUB ESTATES,Groundwater,26.0,9/26/2023,RANDOLPH,ND,ND,ND,ND,ND,ND,,,,,,,,,,,,,,,,,,,,,,,,,,,,,,,,,,,,
NC1011002,ASHEVILLE ACADEMY FOR GIRLS,Groundwater,75.0,8/1/2023,BUNCOMBE,ND,ND,ND,ND,ND,ND,,,,,,,,,,,,,,,,,,,,,,,,,,,,,,,,,,,,
NC1011034,ASHEVILLE ACADEMY FOR GIRLS- CABINS,Groundwater,75.0,8/1/2023,BUNCOMBE,ND,ND,ND,ND,ND,ND,,,,,,,,,,,,,,,,,,,,,,,,,,,,,,,,,,,,
NC0416160,ATLANTIC MHP,Groundwater,113.0,8/2/2023,CARTERET,ND,ND,ND,ND,ND,ND,,,,,,,,,,,,,,,,,,,,,,,,,,,,,,,,,,,,
NC0416166,ATLANTIC MHP II,Groundwater,106.0,8/2/2023,CARTERET,ND,ND,ND,ND,ND,ND,,,,,,,,,,,,,,,,,,,,,,,,,,,,,,,,,,,,
NC0416192,ATLANTIC VILLAGE MHP,Groundwater,175.0,8/1/2023,CARTERET,ND,ND,ND,ND,ND,ND,,,,,,,,,,,,,,,,,,,,,,,,,,,,,,,,,,,,
NC0241103,AUTUMN FOREST MHP,Groundwater,665.0,8/24/2023,GUILFORD,ND,ND,ND,ND,ND,ND,,,,,,,,,,,,,,,,,,,,,,,,,,,,,,,,,,,,
NC3041109,AUTUMN RIDGE S/D,Groundwater,56.0,8/28/2023,GUILFORD,0.98,0.825,ND,ND,ND,0.681,,,,,,,,,,,,,,,,,,,,,,,,,,,,,,,,,,,,
NC4092165,AVALYN S/D,Groundwater,58.0,5/25/2023,WAKE,ND,ND,ND,ND,ND,ND,,,,,,,,,,,,,,,,,,,,,,,,,,,,,,,,,,,,
NC0136286,AZALEA HILLS MHP,Groundwater,80.0,8/2/2023,GASTON,10.8,20.7,ND,31.3,1.72,62.9,,,,,,,,,,,,,,,,,,,,,,,,,,,,,,,,,,,,
NC6027009,BACKWOODS-SADDLEBROOK COMM WS,Groundwater,122.0,11/15/2023,CURRITUCK,ND,ND,ND,ND,ND,ND,,,,,,,,,,,,,,,,,,,,,,,,,,,,,,,,,,,,
NC4035019,BAILEY FARMS SUBDIVISION,Groundwater,181.0,5/18/2023,FRANKLIN,ND,ND,ND,ND,ND,ND,,,,,,,,,,,,,,,,,,,,,,,,,,,,,,,,,,,,
NC4092160,BAILEY`S AT GLENMOOR S/D,Groundwater,59.0,5/25/2023,WAKE,ND,1.33,ND,3.26,ND,ND,,,,,,,,,,,,,,,,,,,,,,,,,,,,,,,,,,,,
NC0100474,BALD CREEK CHILD DEVELOPMENT,Groundwater,25.0,8/30/2023,YANCEY,1.21,0.754,ND,ND,ND,ND,,,,,,,,,,,,,,,,,,,,,,,,,,,,,,,,,,,,
NC0416101,BALLOU MHP,Groundwater,95.0,8/2/2023,CARTERET,ND,ND,ND,ND,ND,ND,,,,,,,,,,,,,,,,,,,,,,,,,,,,,,,,,,,,
NC0150102,BALLOUGH HILLS,Groundwater,102.0,7/27/2023,JACKSON,ND,ND,ND,ND,ND,ND,,,,,,,,,,,,,,,,,,,,,,,,,,,,,,,,,,,,
NC0180501,BARGER PARK,Groundwater,58.0,8/14/2023,ROWAN,ND,1.07,ND,ND,ND,0.813,,,,,,,,,,,,,,,,,,,,,,,,,,,,,,,,,,,,
NC0464101,BASS MH COURT,Groundwater,97.0,5/30/2023,NASH,ND,ND,ND,ND,ND,ND,,,,,,,,,,,,,,,,,,,,,,,,,,,,,,,,,,,,
NC0392218,BAYWOOD FOREST S/D,Groundwater,533.0,5/11/2023,WAKE,ND,ND,ND,ND,ND,ND,,,,,,,,,,,,,,,,,,,,,,,,,,,,,,,,,,,,
NC0156129,BEAR DEN ACRES,Groundwater,140.0,9/26/2023,MCDOWELL,ND,ND,ND,ND,ND,ND,,,,,,,,,,,,,,,,,,,,,,,,,,,,,,,,,,,,
NC1050057,BEAR LAKE RESERVE 1B,Groundwater,396.0,10/31/2023,JACKSON,ND,ND,ND,ND,ND,ND,,,,,,,,,,,,,,,,,,,,,,,,,,,,,,,,,,,,
NC1050034,BEAR LAKE RESERVE GOLDEN FARMS,Groundwater,117.0,10/31/2023,JACKSON,ND,ND,ND,ND,ND,ND,,,,,,,,,,,,,,,,,,,,,,,,,,,,,,,,,,,,
NC0145178,BEAR WALLOW VALLEY MHP,Groundwater,124.0,8/30/2023,HENDERSON,ND,ND,ND,0.886,ND,ND,,,,,,,,,,,,,,,,,,,,,,,,,,,,,,,,,,,,
NC0474045,BELL ARTHUR WATER CORP,Surface Water Purchase,10635.0,7/27/2023,PITT,ND,ND,ND,ND,ND,ND,,,,,,,,,,,,,,,,,,,,,,,,,,,,,,,,,,,,
NC4092128,BELLA VISTA S/D,Groundwater,120.0,5/31/2023,WAKE,1.17,2.2,ND,4.71,ND,2.64,,,,,,,,,,,,,,,,,,,,,,,,,,,,,,,,,,,,
NC0136107,BELMONT ABBEY COLLEGE,Groundwater,1325.0,8/2/2023,GASTON,5.55,2.93,ND,1.88,ND,1.7,,,,,,,,,,,,,,,,,,,,,,,,,,,,,,,,,,,,
NC0279161,BENAJA CROSSING MH S/D,Groundwater,99.0,9/21/2023,ROCKINGHAM,ND,ND,ND,ND,ND,ND,,,,,,,,,,,,,,,,,,,,,,,,,,,,,,,,,,,,
NC0136360,BERKLEY OAKS LLC,Groundwater,170.0,8/29/2023,GASTON,ND,ND,ND,ND,ND,ND,,,,,,,,,,,,,,,,,,,,,,,,,,,,,,,,,,,,
NC0188593,BETHANY BAPT CHURCH & SCHOOL,Groundwater,40.0,9/12/2023,TRANSYLVANIA,ND,ND,0.226,ND,ND,ND,,,,,,,,,,,,,,,,,,,,,,,,,,,,,,,,,,,,
NC0241660,BETHLEHEM CHILD CARE CENTER,Groundwater,64.0,9/5/2023,GUILFORD,4.98,7.66,ND,0.983,1.79,1.12,,,,,,,,,,,,,,,,,,,,,,,,,,,,,,,,,,,,
NC0201475,BIBLE WESLEYAN CHRISTIAN SCHOOL,Groundwater,40.0,8/15/2023,ALAMANCE,ND,ND,ND,ND,ND,ND,,,,,,,,,,,,,,,,,,,,,,,,,,,,,,,,,,,,
NC0150170,BIG RIDGE S/D,Groundwater,71.0,8/9/2023,JACKSON,ND,ND,ND,ND,ND,ND,,,,,,,,,,,,,,,,,,,,,,,,,,,,,,,,,,,,
NC0150169,BIG SHEEP CLIFF,Groundwater,160.0,8/28/2023,JACKSON,ND,ND,ND,ND,ND,ND,,,,,,,,,,,,,,,,,,,,,,,,,,,,,,,,,,,,
NC0368188,BINGHAM WOODS MHP,Groundwater,190.0,5/15/2023,ORANGE,2.5,0.858,ND,0.841,ND,ND,,,,,,,,,,,,,,,,,,,,,,,,,,,,,,,,,,,,
NC1056031,BLACK BEAR DEVELOPMENT,Groundwater,343.0,9/26/2023,MCDOWELL,ND,ND,ND,ND,ND,ND,,,,,,,,,,,,,,,,,,,,,,,,,,,,,,,,,,,,
NC0351107,BLACKMON`S MHP,Groundwater,52.0,8/29/2023,JOHNSTON,1.81,2.16,ND,1.39,ND,0.89,,,,,,,,,,,,,,,,,,,,,,,,,,,,,,,,,,,,
NC4092134,BLANEY FARMS S/D,Groundwater,331.0,5/16/2023,WAKE,0.978,1.14,0.215,ND,ND,ND,,,,,,,,,,,,,,,,,,,,,,,,,,,,,,,,,,,,
NC0195136,BLOOMFIELD APARTMENTS,Groundwater,31.0,10/19/2023,WATAUGA,1.78,2.47,ND,1.19,ND,1.52,,,,,,,,,,,,,,,,,,,,,,,,,,,,,,,,,,,,
NC3003003,BLUE RIDGE DEVELOPMENTAL DAY,Groundwater,60.0,8/8/2023,ALLEGHANY,ND,ND,ND,ND,ND,ND,,,,,,,,,,,,,,,,,,,,,,,,,,,,,,,,,,,,
NC3095004,BLUE RIDGE ESTATES,Groundwater,51.0,7/26/2023,WATAUGA,ND,ND,ND,ND,ND,ND,,,,,,,,,,,,,,,,,,,,,,,,,,,,,,,,,,,,
NC3097018,BLUE RIDGE MTN CLUB,Groundwater,508.0,8/8/2023,WILKES,ND,ND,ND,ND,ND,ND,,,,,,,,,,,,,,,,,,,,,,,,,,,,,,,,,,,,
NC0195169,BLUE RIDGE PRESERVATION INC,Groundwater,150.0,10/19/2023,WATAUGA,ND,ND,ND,ND,ND,ND,,,,,,,,,,,,,,,,,,,,,,,,,,,,,,,,,,,,
NC0106116,BLUE RIDGE VILLAGE,Groundwater,343.0,10/19/2023,AVERY,0.818,ND,ND,ND,ND,ND,,,,,,,,,,,,,,,,,,,,,,,,,,,,,,,,,,,,
NC0392321,BLUE SKIES MH LIVING,Groundwater,115.0,7/13/2023,WAKE,ND,ND,ND,ND,ND,ND,,,,,,,,,,,,,,,,,,,,,,,,,,,,,,,,,,,,
NC0416028,BOGUE BANKS WATER CORPORATION,Groundwater,4995.0,8/2/2023,CARTERET,ND,ND,ND,ND,ND,ND,,,,,,,,,,,,,,,,,,,,,,,,,,,,,,,,,,,,
NC0464132,BOTTOMS FARM MHP,Groundwater,123.0,5/30/2023,NASH,ND,ND,ND,ND,ND,ND,,,,,,,,,,,,,,,,,,,,,,,,,,,,,,,,,,,,
NC1050083,BOYS AND GIRLS CLUB OF THE PLATEAU,Groundwater,270.0,8/9/2023,JACKSON,ND,ND,ND,ND,ND,ND,,,,,,,,,,,,,,,,,,,,,,,,,,,,,,,,,,,,
NC0276449,BRENNAN PLACE MHP,Groundwater,48.0,9/19/2023,RANDOLPH,ND,ND,ND,ND,ND,ND,,,,,,,,,,,,,,,,,,,,,,,,,,,,,,,,,,,,
NC0136235,BRENTWOOD MHP,Groundwater,99.0,11/20/2023,GASTON,4.15,4.37,ND,2.6,ND,4.35,,,,,,,,,,,,,,,,,,,,,,,,,,,,,,,,,,,,
NC1050040,BRIDGE CREEK,Groundwater,25.0,8/9/2023,JACKSON,ND,ND,ND,ND,ND,ND,,,,,,,,,,,,,,,,,,,,,,,,,,,,,,,,,,,,
NC4092180,BROOK MEADOW S/D,Groundwater,30.0,5/16/2023,WAKE,ND,ND,ND,ND,ND,ND,,,,,,,,,,,,,,,,,,,,,,,,,,,,,,,,,,,,
NC0286158,BROOKDALE S/D,Groundwater,46.0,10/24/2023,SURRY,ND,ND,ND,ND,ND,ND,,,,,,,,,,,,,,,,,,,,,,,,,,,,,,,,,,,,
NC0392144,BUFFALOE ROAD MHP,Groundwater,162.0,9/7/2023,WAKE,14.6,15.2,ND,10.7,ND,7.59,,,,,,,,,,,,,,,,,,,,,,,,,,,,,,,,,,,,
NC0276104,BUSY-B MHP,Groundwater,83.0,9/19/2023,RANDOLPH,ND,ND,ND,ND,ND,ND,,,,,,,,,,,,,,,,,,,,,,,,,,,,,,,,,,,,
NC4092151,CAMBERLY S/D,Groundwater,199.0,5/25/2023,WAKE,ND,ND,ND,ND,ND,ND,,,,,,,,,,,,,,,,,,,,,,,,,,,,,,,,,,,,
NC0392110,CAMELOT MHP,Groundwater,34.0,6/29/2023,WAKE,3.44,11.2,ND,4.25,2.52,0.854,,,,,,,,,,,,,,,,,,,,,,,,,,,,,,,,,,,,
NC0363554,CAMERON BOYS CAMP,Groundwater,75.0,8/16/2023,MOORE,ND,ND,ND,ND,ND,ND,,,,,,,,,,,,,,,,,,,,,,,,,,,,,,,,,,,,
NC0184135,CANTON HEIGHTS MHP,Groundwater,132.0,7/27/2023,STANLY,7.62,8.3,ND,5.74,ND,2.9,,,,,,,,,,,,,,,,,,,,,,,,,,,,,,,,,,,,
NC0326776,CARDINAL CARE OF HOPE MILLS,Groundwater,28.0,8/15/2023,CUMBERLAND,ND,ND,0.181,ND,ND,ND,,,,,,,,,,,,,,,,,,,,,,,,,,,,,,,,,,,,
NC0150152,CAROL`S CABINS,Groundwater,51.0,8/1/2023,JACKSON,1.14,ND,ND,ND,ND,ND,,,,,,,,,,,,,,,,,,,,,,,,,,,,,,,,,,,,
NC0157112,CAROLINA HIGHLANDS RETIRE PARK,Groundwater,45.0,8/1/2023,MACON,ND,ND,ND,ND,ND,ND,,,,,,,,,,,,,,,,,,,,,,,,,,,,,,,,,,,,
NC0150111,CAROLINA VILLAGE APARTMENTS,Groundwater,81.0,8/24/2023,JACKSON,1.77,1.34,ND,ND,ND,0.695,,,,,,,,,,,,,,,,,,,,,,,,,,,,,,,,,,,,
NC0427103,CAROLINA VILLAGE MHP,Groundwater,305.0,11/15/2023,CURRITUCK,ND,ND,ND,ND,ND,ND,,,,,,,,,,,,,,,,,,,,,,,,,,,,,,,,,,,,
NC3041045,CARRIAGE WAY  S/D,Groundwater,51.0,8/28/2023,GUILFORD,1.57,ND,ND,1.04,ND,0.61,,,,,,,,,,,,,,,,,,,,,,,,,,,,,,,,,,,,
NC0150507,CASHIERS COMM CHILD DEV CENTER,Groundwater,125.0,8/9/2023,JACKSON,1.98,2.12,ND,ND,ND,0.669,,,,,,,,,,,,,,,,,,,,,,,,,,,,,,,,,,,,
NC0465195,CASTLE CREEK MEMORY CARE,Groundwater,86.0,7/31/2023,NEW HANOVER,ND,ND,ND,ND,ND,ND,,,,,,,,,,,,,,,,,,,,,,,,,,,,,,,,,,,,
NC0188133,CATATOGA AT LAKE TOXAWAY,Groundwater,35.0,8/8/2023,TRANSYLVANIA,ND,ND,ND,ND,ND,ND,,,,,,,,,,,,,,,,,,,,,,,,,,,,,,,,,,,,
NC0150161,CEDAR CREEK WOODS,Groundwater,122.0,8/8/2023,JACKSON,1.54,1.17,ND,0.713,9.55,0.788,,,,,,,,,,,,,,,,,,,,,,,,,,,,,,,,,,,,
NC0180194,CEDAR GLENN MHP INC,Groundwater,198.0,11/2/2023,ROWAN,0.949,1.67,ND,0.72,ND,1.28,,,,,,,,,,,,,,,,,,,,,,,,,,,,,,,,,,,,
NC0150175,CEDAR HILL,Groundwater,234.0,8/28/2023,JACKSON,ND,ND,ND,ND,ND,ND,,,,,,,,,,,,,,,,,,,,,,,,,,,,,,,,,,,,
NC0464317,CEDAR LAKE MHP,Groundwater,124.0,8/16/2023,NASH,ND,0.827,ND,0.839,ND,ND,,,,,,,,,,,,,,,,,,,,,,,,,,,,,,,,,,,,
NC0241105,CEDAR PARK MHP,Groundwater,112.0,8/24/2023,GUILFORD,ND,ND,ND,ND,ND,ND,,,,,,,,,,,,,,,,,,,,,,,,,,,,,,,,,,,,
NC0150178,CEDAR RIDGE ESTATES,Groundwater,104.0,8/8/2023,JACKSON,ND,ND,ND,0.781,ND,ND,,,,,,,,,,,,,,,,,,,,,,,,,,,,,,,,,,,,
NC0319130,CEDAR VILLAGE II,Groundwater,25.0,6/8/2023,CHATHAM,11.6,11.5,ND,6.32,ND,4.16,,,,,,,,,,,,,,,,,,,,,,,,,,,,,,,,,,,,
NC0156126,CEDARBROOK RESIDENTIAL HOME,Groundwater,80.0,9/6/2023,MCDOWELL,1.26,1.21,ND,1.4,ND,0.902,,,,,,,,,,,,,,,,,,,,,,,,,,,,,,,,,,,,
NC7010054,CHADWICK MHP,Groundwater,90.0,8/8/2023,BRUNSWICK,2.6,ND,ND,ND,ND,1.68,,,,,,,,,,,,,,,,,,,,,,,,,,,,,,,,,,,,
NC0136380,CHAPEL ACRES MHP,Groundwater,231.0,8/29/2023,GASTON,1.05,4.17,ND,5.72,ND,4.33,,,,,,,,,,,,,,,,,,,,,,,,,,,,,,,,,,,,
NC0136111,CHAPEL GROVE MHP,Groundwater,110.0,8/2/2023,GASTON,1.05,6.47,ND,6.18,ND,10.6,,,,,,,,,,,,,,,,,,,,,,,,,,,,,,,,,,,,
NC0106123,CHARLES A CANNON MEMORIAL HOSPITAL,Groundwater,320.0,10/19/2023,AVERY,2.5,ND,ND,ND,ND,1.1,,,,,,,,,,,,,,,,,,,,,,,,,,,,,,,,,,,,
NC0155132,CHARLESTON TRAIL ESTATES,Groundwater,110.0,10/17/2023,LINCOLN,ND,0.88,ND,1.07,ND,0.705,,,,,,,,,,,,,,,,,,,,,,,,,,,,,,,,,,,,
NC0319120,CHATHAM PINES LLC,Groundwater,98.0,7/11/2023,CHATHAM,5.44,7.47,ND,10,ND,4.29,,,,,,,,,,,,,,,,,,,,,,,,,,,,,,,,,,,,
NC0150179,CHATTOOGA CLUB,Groundwater,100.0,7/20/2023,JACKSON,1,ND,ND,ND,ND,ND,,,,,,,,,,,,,,,,,,,,,,,,,,,,,,,,,,,,
NC0122101,CHATUGE VILLAGE,Groundwater,267.0,8/10/2023,CLAY,ND,ND,ND,ND,ND,ND,,,,,,,,,,,,,,,,,,,,,,,,,,,,,,,,,,,,
NC0241647,CHILDRENS CHOICE CHILDCARE,Groundwater,60.0,9/5/2023,GUILFORD,ND,1.48,ND,1.36,ND,ND,,,,,,,,,,,,,,,,,,,,,,,,,,,,,,,,,,,,
NC1050045,CHINQUAPIN DEVELOPMENT,Groundwater,165.0,8/28/2023,JACKSON,ND,ND,ND,ND,ND,ND,,,,,,,,,,,,,,,,,,,,,,,,,,,,,,,,,,,,
NC0431050,CHINQUAPIN WATER ASSOCIATION,Groundwater,4686.0,8/7/2023,DUPLIN,ND,ND,ND,ND,ND,ND,,,,,,,,,,,,,,,,,,,,,,,,,,,,,,,,,,,,
NC0111108,CHRISTMOUNT CHRISTIAN ASSEMBLY,Groundwater,250.0,8/30/2023,BUNCOMBE,ND,ND,ND,ND,ND,ND,,,,,,,,,,,,,,,,,,,,,,,,,,,,,,,,,,,,
NC0326331,CIRCLE D MHP,Groundwater,91.0,8/16/2023,CUMBERLAND,ND,ND,ND,ND,ND,ND,,,,,,,,,,,,,,,,,,,,,,,,,,,,,,,,,,,,
NC0363124,CIRCLE H MHP,Groundwater,68.0,8/15/2023,MOORE,10.4,17.4,0.2,19.2,0.838,6.09,,,,,,,,,,,,,,,,,,,,,,,,,,,,,,,,,,,,
NC0201165,CIRCLE K PARK,Groundwater,97.0,8/29/2023,ALAMANCE,33.3,75.3,ND,18.2,0.897,28.2,,,,,,,,,,,,,,,,,,,,,,,,,,,,,,,,,,,,
NC3041050,CLAPP`S NURSING CTR-APPOMATTOX,Groundwater,265.0,9/5/2023,GUILFORD,3.38,20.2,ND,1.17,3.23,1.23,,,,,,,,,,,,,,,,,,,,,,,,,,,,,,,,,,,,
NC1045001,CLEAR CREEK MEADOWS S/D,Groundwater,124.0,8/3/2023,HENDERSON,2.29,3.31,ND,18.9,ND,1.8,,,,,,,,,,,,,,,,,,,,,,,,,,,,,,,,,,,,
NC0408055,CLEARWATER VALLEY WATER ASSOC,Groundwater,46.0,11/13/2023,BERTIE,ND,ND,ND,ND,ND,ND,,,,,,,,,,,,,,,,,,,,,,,,,,,,,,,,,,,,
NC0234566,CLEMMONS LEARNING CENTER,Groundwater,75.0,10/24/2023,FORSYTH,2.08,4.53,ND,1.48,ND,1.75,,,,,,,,,,,,,,,,,,,,,,,,,,,,,,,,,,,,
NC0351176,CLEVELAND MHP,Groundwater,107.0,7/10/2023,JOHNSTON,ND,1.02,ND,0.709,ND,ND,,,,,,,,,,,,,,,,,,,,,,,,,,,,,,,,,,,,
NC0136917,CLINE`S LEARNING CENTER,Groundwater,70.0,9/12/2023,GASTON,ND,ND,ND,ND,ND,ND,,,,,,,,,,,,,,,,,,,,,,,,,,,,,,,,,,,,
NC0201404,CLOVER GARDEN CHARTER SCHOOL,Groundwater,680.0,8/15/2023,ALAMANCE,ND,ND,ND,ND,ND,ND,,,,,,,,,,,,,,,,,,,,,,,,,,,,,,,,,,,,
NC0188135,CLUB COLONY S/D,Groundwater,38.0,9/12/2023,TRANSYLVANIA,ND,ND,0.178,ND,ND,ND,,,,,,,,,,,,,,,,,,,,,,,,,,,,,,,,,,,,
,,,,,,,,,,,,NC0465112,COLLEGE VIEW MHP,Groundwater,66.0,7/31/2023,NEW HANOVER,13,6.23,1.58,12.9,0.643,2.13,,,,,,,,,,,,,,,,,,,,,,,,
,,,,,,,,,,,,NC0181132,COLONIAL MANOR REST HOME,Groundwater,27.0,11/3/2023,RUTHERFORD,ND,ND,ND,ND,ND,ND,,,,,,,,,,,,,,,,,,,,,,,,
,,,,,,,,,,,,NC0149108,COMMODORE PENINSULA WTR SYSTEM,Groundwater,610.0,9/6/2023,IREDELL,ND,ND,ND,1.02,ND,1.2,,,,,,,,,,,,,,,,,,,,,,,,
,,,,,,,,,,,,NC0433030,CONETOE COMMUNITY WATER SYSTEM,Groundwater,1090.0,7/6/2023,EDGECOMBE,ND,ND,ND,ND,ND,ND,,,,,,,,,,,,,,,,,,,,,,,,
,,,,,,,,,,,,NC0150181,CONTINENTAL CLIFFS,Groundwater,69.0,8/9/2023,JACKSON,ND,ND,ND,ND,ND,ND,,,,,,,,,,,,,,,,,,,,,,,,
,,,,,,,,,,,,NC0392118,COOLEY`S MHP,Groundwater,109.0,6/1/2023,WAKE,4.87,9.27,ND,5.4,ND,3.97,,,,,,,,,,,,,,,,,,,,,,,,
,,,,,,,,,,,,NC1057005,COTTAGES AT LAKE OSSEROGA,Groundwater,93.0,8/3/2023,MACON,1.03,ND,ND,ND,ND,ND,,,,,,,,,,,,,,,,,,,,,,,,
,,,,,,,,,,,,NC3095030,COTTAGES OF BOONE,Groundwater,890.0,10/19/2023,WATAUGA,ND,ND,ND,0.69,ND,ND,,,,,,,,,,,,,,,,,,,,,,,,
,,,,,,,,,,,,NC0145148,COUNTRY ACRES MHP,Groundwater,30.0,9/26/2023,HENDERSON,ND,ND,ND,0.87,ND,ND,,,,,,,,,,,,,,,,,,,,,,,,
,,,,,,,,,,,,NC0201105,COUNTRY CLUB MHP,Groundwater,127.0,8/15/2023,ALAMANCE,2.6,1.92,ND,2.19,ND,1.37,,,,,,,,,,,,,,,,,,,,,,,,
,,,,,,,,,,,,NC0319124,COUNTRY ESTATES MHP,Groundwater,60.0,8/7/2023,CHATHAM,2.03,ND,ND,2.04,ND,1.29,,,,,,,,,,,,,,,,,,,,,,,,
,,,,,,,,,,,,NC0285130,COUNTRY LIVING APTS,Groundwater,66.0,10/24/2023,STOKES,1.63,1.97,ND,0.752,ND,1.26,,,,,,,,,,,,,,,,,,,,,,,,
,,,,,,,,,,,,NC0145143,COUNTRY PLACE,Groundwater,97.0,8/30/2023,HENDERSON,ND,ND,ND,ND,ND,ND,,,,,,,,,,,,,,,,,,,,,,,,
,,,,,,,,,,,,NC0111157,COUNTRY PLACE S/D,Groundwater,160.0,8/30/2023,BUNCOMBE,ND,ND,ND,ND,ND,ND,,,,,,,,,,,,,,,,,,,,,,,,
,,,,,,,,,,,,NC0136369,COUNTRY TIME INN,Groundwater,59.0,9/12/2023,GASTON,4.58,3.87,ND,0.566,ND,5.81,,,,,,,,,,,,,,,,,,,,,,,,
,,,,,,,,,,,,NC0118306,COUNTRY VALLEY II MHP,Groundwater,318.0,11/13/2023,CATAWBA,0.792,2.12,ND,1.6,ND,1.56,,,,,,,,,,,,,,,,,,,,,,,,
,,,,,,,,,,,,NC0136145,COUNTRYSIDE ESTATES MHP,Groundwater,99.0,8/2/2023,GASTON,0.917,22.8,ND,3.48,ND,2.47,,,,,,,,,,,,,,,,,,,,,,,,
,,,,,,,,,,,,NC0136382,COVINGTON ACRES MHP,Groundwater,226.0,8/29/2023,GASTON,1.33,2.42,ND,1.98,ND,1.81,,,,,,,,,,,,,,,,,,,,,,,,
,,,,,,,,,,,,NC0157153,COWEE MOUNTAIN S/D,Groundwater,46.0,8/3/2023,MACON,ND,ND,ND,ND,ND,ND,,,,,,,,,,,,,,,,,,,,,,,,
,,,,,,,,,,,,NC0113165,COX MILL,Groundwater,198.0,9/6/2023,CABARRUS,3.44,2.36,ND,4.69,ND,1.13,,,,,,,,,,,,,,,,,,,,,,,,
,,,,,,,,,,,,NC1045015,CRAB CREEK VALLEY S/D,Groundwater,60.0,8/17/2023,HENDERSON,ND,ND,ND,ND,ND,ND,,,,,,,,,,,,,,,,,,,,,,,,
,,,,,,,,,,,,NC0201564,CREATIVE CHILD CARE,Groundwater,75.0,11/2/2023,ALAMANCE,ND,1.01,ND,ND,ND,ND,,,,,,,,,,,,,,,,,,,,,,,,
,,,,,,,,,,,,NC0392229,CREEKSIDE MOBILE VILLAGE,Groundwater,165.0,6/1/2023,WAKE,7.73,1.26,ND,2.33,ND,2.06,,,,,,,,,,,,,,,,,,,,,,,,
,,,,,,,,,,,,NC0118612,CROSS COUNTRY CAMPGROUND INC,Groundwater,627.0,10/9/2023,CATAWBA,ND,1.23,ND,ND,ND,ND,,,,,,,,,,,,,,,,,,,,,,,,
,,,,,,,,,,,,NC0138107,CROSS CREEK S/D,Groundwater,117.0,10/24/2023,GRAHAM,ND,ND,ND,ND,ND,ND,,,,,,,,,,,,,,,,,,,,,,,,
,,,,,,,,,,,,NC0136371,CROWDER RIDGE MHP,Groundwater,26.0,8/2/2023,GASTON,ND,1,ND,ND,ND,1.27,,,,,,,,,,,,,,,,,,,,,,,,
,,,,,,,,,,,,NC0157143,CULLASAJA CLUB,Groundwater,800.0,8/3/2023,MACON,ND,0.847,ND,ND,ND,ND,,,,,,,,,,,,,,,,,,,,,,,,
,,,,,,,,,,,,NC0157152,CULLASAJA RIVER S/D,Groundwater,53.0,8/1/2023,MACON,28.4,1.23,ND,3.02,ND,20.4,,,,,,,,,,,,,,,,,,,,,,,,
,,,,,,,,,,,,NC0136383,D&M RENTALS/HENRY MOBILE COURT,Groundwater,58.0,10/24/2023,GASTON,1.97,3.67,ND,2.78,ND,3.19,,,,,,,,,,,,,,,,,,,,,,,,
,,,,,,,,,,,,NC0149175,DAVIDSON DOWNES,Groundwater,240.0,7/25/2023,IREDELL,ND,2.34,ND,1.82,ND,ND,,,,,,,,,,,,,,,,,,,,,,,,
,,,,,,,,,,,,NC0392122,DAVIS TOWN MHP,Groundwater,119.0,6/13/2023,WAKE,4.92,3.47,ND,4.49,ND,1.39,,,,,,,,,,,,,,,,,,,,,,,,
,,,,,,,,,,,,NC0118112,DEAL APARTMENTS,Groundwater,58.0,10/9/2023,CATAWBA,ND,ND,ND,ND,ND,ND,,,,,,,,,,,,,,,,,,,,,,,,
,,,,,,,,,,,,NC0454030,DEEP RUN WATER CORPORATION,Surface Water Purchase,13332.0,9/19/2023,LENOIR,ND,ND,ND,ND,ND,ND,,,,,,,,,,,,,,,,,,,,,,,,
,,,,,,,,,,,,NC0156125,DEER PARK HEALTH & REHAB.,Groundwater,290.0,9/6/2023,MCDOWELL,ND,ND,ND,ND,ND,ND,,,,,,,,,,,,,,,,,,,,,,,,
,,,,,,,,,,,,NC0392389,DEERCHASE S/D,Groundwater,755.0,5/9/2023,WAKE,1.91,1.52,ND,3.97,ND,2.24,,,,,,,,,,,,,,,,,,,,,,,,
,,,,,,,,,,,,NC0136387,DELLINGER`S MHP,Groundwater,53.0,10/18/2023,GASTON,8.84,10.8,ND,10.4,ND,6.28,,,,,,,,,,,,,,,,,,,,,,,,
,,,,,,,,,,,,NC0155119,DENVER SHORES MHP WATER SYSTEM,Groundwater,229.0,11/7/2023,LINCOLN,ND,0.783,ND,ND,ND,ND,,,,,,,,,,,,,,,,,,,,,,,,
,,,,,,,,,,,,NC0279153,DOGWOOD ACRES MH S/D,Groundwater,88.0,10/26/2023,ROCKINGHAM,1.75,1.79,ND,ND,ND,1.19,,,,,,,,,,,,,,,,,,,,,,,,
,,,,,,,,,,,,NC0180188,DOGWOOD ESTATES,Groundwater,64.0,8/14/2023,ROWAN,1.16,2.58,ND,5.42,ND,1.65,,,,,,,,,,,,,,,,,,,,,,,,
,,,,,,,,,,,,NC0136343,DON`S MHP,Groundwater,112.0,8/2/2023,GASTON,26.5,13,ND,9.88,0.868,9.11,,,,,,,,,,,,,,,,,,,,,,,,
,,,,,,,,,,,,NC0136124,DONNA-LYNN MHP,Groundwater,122.0,10/18/2023,GASTON,1.56,2,ND,1,ND,3.37,,,,,,,,,,,,,,,,,,,,,,,,
,,,,,,,,,,,,NC0157144,DOWDLE TRACE S/D,Groundwater,79.0,8/31/2023,MACON,ND,ND,ND,ND,ND,ND,,,,,,,,,,,,,,,,,,,,,,,,
,,,,,,,,,,,,NC0416117,"DOWN EAST MHP / DEMHP, LLC",Groundwater,107.0,8/9/2023,CARTERET,ND,ND,ND,ND,ND,ND,,,,,,,,,,,,,,,,,,,,,,,,
,,,,,,,,,,,,NC4392116,DUXFORD S/D,Groundwater,76.0,6/1/2023,WAKE,ND,ND,ND,1.24,ND,ND,,,,,,,,,,,,,,,,,,,,,,,,
,,,,,,,,,,,,NC0136848,EAGLES NEST CDC,Groundwater,85.0,11/20/2023,GASTON,ND,0.871,ND,ND,ND,0.775,,,,,,,,,,,,,,,,,,,,,,,,
,,,,,,,,,,,,NC0122107,EAGLE'S VIEW S/D,Groundwater,127.0,8/10/2023,CLAY,ND,ND,ND,ND,ND,ND,,,,,,,,,,,,,,,,,,,,,,,,
,,,,,,,,,,,,NC0474015,EASTERN PINES WATER CORP,Surface Water Purchase,23000.0,7/27/2023,PITT,ND,ND,ND,ND,ND,ND,,,,,,,,,,,,,,,,,,,,,,,,
,,,,,,,,,,,,NC0362562,ECKERD CANDOR,Groundwater,92.0,8/15/2023,MONTGOMERY,ND,ND,ND,ND,ND,ND,,,,,,,,,,,,,,,,,,,,,,,,
,,,,,,,,,,,,NC0197606,ECKERD OF BOOMER,Groundwater,33.0,10/19/2023,WILKES,ND,ND,ND,ND,ND,ND,,,,,,,,,,,,,,,,,,,,,,,,
,,,,,,,,,,,,NC0111156,EDEN GLENN MHP,Groundwater,147.0,8/10/2023,BUNCOMBE,ND,2.75,ND,6.53,ND,5.67,,,,,,,,,,,,,,,,,,,,,,,,
,,,,,,,,,,,,NC0392127,EDGEMONT MHP,Groundwater,63.0,6/29/2023,WAKE,ND,ND,ND,ND,ND,ND,,,,,,,,,,,,,,,,,,,,,,,,
,,,,,,,,,,,,NC0291104,EDGEWOOD ESTATES,Groundwater,48.0,8/30/2023,VANCE,ND,7.04,ND,6.44,ND,2.5,,,,,,,,,,,,,,,,,,,,,,,,
,,,,,,,,,,,,NC0180161,EDGEWOOD S/D,Groundwater,259.0,8/14/2023,ROWAN,2.74,6.32,ND,6.17,ND,5.4,,,,,,,,,,,,,,,,,,,,,,,,
,,,,,,,,,,,,NC0157155,EL SHADDAI,Groundwater,53.0,10/25/2023,MACON,ND,ND,ND,ND,ND,ND,,,,,,,,,,,,,,,,,,,,,,,,
,,,,,,,,,,,,NC0368470,EMERSON WALDORF SCH-GRADE SCH,Groundwater,335.0,5/23/2023,ORANGE,0.992,1.21,ND,1.38,ND,1.62,,,,,,,,,,,,,,,,,,,,,,,,
,,,,,,,,,,,,NC4092144,ETHAN MEADOWS S/D,Groundwater,43.0,5/31/2023,WAKE,ND,ND,ND,ND,ND,ND,,,,,,,,,,,,,,,,,,,,,,,,
,,,,,,,,,,,,NC0368162,EUGLENA JUNCTION,Groundwater,79.0,5/23/2023,ORANGE,ND,1.12,ND,3.19,ND,1.46,,,,,,,,,,,,,,,,,,,,,,,,
,,,,,,,,,,,,NC0180110,FAIRFIELD ACRES,Groundwater,158.0,8/14/2023,ROWAN,6.54,8.62,ND,6.44,ND,3.21,,,,,,,,,,,,,,,,,,,,,,,,
,,,,,,,,,,,,NC0279134,FAIRGROVE MHP,Groundwater,244.0,9/21/2023,ROCKINGHAM,ND,ND,ND,0.84,ND,ND,,,,,,,,,,,,,,,,,,,,,,,,
,,,,,,,,,,,,NC0105432,FAIRWAY RIDGE WATER ASSOC INC,Groundwater,173.0,8/3/2023,ASHE,ND,ND,ND,ND,ND,ND,,,,,,,,,,,,,,,,,,,,,,,,
,,,,,,,,,,,,NC0392131,FARM ROAD TRAILER PARK,Groundwater,28.0,10/19/2023,WAKE,6.03,9.11,ND,3.93,ND,9.13,,,,,,,,,,,,,,,,,,,,,,,,
,,,,,,,,,,,,NC0353127,FARM WATER WORKS,Groundwater,167.0,7/19/2023,LEE,ND,ND,ND,ND,ND,ND,,,,,,,,,,,,,,,,,,,,,,,,
,,,,,,,,,,,,NC0424673,FARMERS UNION COMM DEVELOPMENT,Groundwater,83.0,8/8/2023,COLUMBUS,ND,ND,ND,ND,ND,ND,,,,,,,,,,,,,,,,,,,,,,,,
,,,,,,,,,,,,NC0326010,FAYETTEVILLE PUBLIC WORKS COMM,Surface Water,214137.0,2/20/2023,CUMBERLAND,20.5,5.34,0.485,5.67,ND,15.7,,,,,,,,,,,,,,,,,,,,,,,,
,,,,,,,,,,,,NC0326010,FAYETTEVILLE PUBLIC WORKS COMM,Surface Water,214137.0,2/20/2023,CUMBERLAND,19.9,5.32,0.556,5.49,ND,17.3,,,,,,,,,,,,,,,,,,,,,,,,
,,,,,,,,,,,,NC0465119,FIGURE 8 ISLAND,Groundwater,999.0,7/31/2023,NEW HANOVER,ND,ND,ND,ND,ND,ND,,,,,,,,,,,,,,,,,,,,,,,,
,,,,,,,,,,,,NC4092179,FISH HAWK RANCH S/D,Groundwater,171.0,5/16/2023,WAKE,ND,ND,ND,ND,ND,ND,,,,,,,,,,,,,,,,,,,,,,,,
,,,,,,,,,,,,NC0180111,FISHERMAN`S COVE WATER SYSTEM,Groundwater,348.0,11/2/2023,ROWAN,1.78,3.59,ND,3.97,ND,2,,,,,,,,,,,,,,,,,,,,,,,,
,,,,,,,,,,,,NC0157102,FLAT MOUNTAIN ESTATES,Groundwater,109.0,10/18/2023,MACON,ND,ND,ND,ND,ND,ND,,,,,,,,,,,,,,,,,,,,,,,,
,,,,,,,,,,,,NC0145113,FLETCHER ACADEMY INC,Groundwater,965.0,9/19/2023,HENDERSON,1.05,1.55,ND,2.19,ND,1.14,,,,,,,,,,,,,,,,,,,,,,,,
,,,,,,,,,,,,NC2002001,FOREST ACRES WATER CORPORATION,Groundwater,79.0,10/4/2023,ALEXANDER,ND,ND,ND,ND,ND,ND,,,,,,,,,,,,,,,,,,,,,,,,
,,,,,,,,,,,,NC0136359,FOREST HILL MHP,Groundwater,89.0,8/22/2023,GASTON,ND,2.25,ND,0.572,ND,1.33,,,,,,,,,,,,,,,,,,,,,,,,
,,,,,,,,,,,,NC0201112,FOREST VALLEY MHP,Groundwater,99.0,8/29/2023,ALAMANCE,1.84,1.73,ND,1.78,ND,0.969,,,,,,,,,,,,,,,,,,,,,,,,
,,,,,,,,,,,,NC0235101,FOX PARK MHP,Groundwater,158.0,7/24/2023,FRANKLIN,3.48,9.6,ND,12.6,1.73,3.55,,,,,,,,,,,,,,,,,,,,,,,,
,,,,,,,,,,,,NC0145156,FRUITLAND MHP,Groundwater,75.0,8/3/2023,HENDERSON,ND,1.79,ND,3.87,ND,3.94,,,,,,,,,,,,,,,,,,,,,,,,
,,,,,,,,,,,,NC0180115,GADDY MHP,Groundwater,76.0,7/27/2023,ROWAN,11,12.3,ND,7.66,ND,4.65,,,,,,,,,,,,,,,,,,,,,,,,
,,,,,,,,,,,,NC0293112,GASTON HEIGHTS S/D,Groundwater,76.0,7/20/2023,WARREN,ND,ND,ND,ND,ND,ND,,,,,,,,,,,,,,,,,,,,,,,,
,,,,,,,,,,,,NC0112109,GINGERCAKE ACRES,Groundwater,270.0,10/5/2023,BURKE,ND,ND,ND,ND,ND,ND,,,,,,,,,,,,,,,,,,,,,,,,
,,,,,,,,,,,,NC4092155,GLEN CREEK,Groundwater,229.0,7/13/2023,WAKE,14.1,17,1.11,1.88,1.96,3.87,,,,,,,,,,,,,,,,,,,,,,,,
,,,,,,,,,,,,NC0136357,GLORIA ACRES MHP,Groundwater,122.0,11/13/2023,GASTON,10,4.35,ND,11.2,ND,29.8,,,,,,,,,,,,,,,,,,,,,,,,
,,,,,,,,,,,,NC0416130,GOOSE CREEK RESORT,Groundwater,1600.0,8/2/2023,CARTERET,ND,ND,ND,ND,ND,ND,,,,,,,,,,,,,,,,,,,,,,,,
,,,,,,,,,,,,NC0180692,GRACE BIBLE CHURCH,Groundwater,200.0,9/11/2023,ROWAN,ND,ND,ND,ND,ND,ND,,,,,,,,,,,,,,,,,,,,,,,,
,,,,,,,,,,,,NC0416489,GRAMERCY CHRISTIAN SCHOOL,Groundwater,220.0,8/1/2023,CARTERET,ND,ND,ND,ND,ND,ND,,,,,,,,,,,,,,,,,,,,,,,,
,,,,,,,,,,,,NC0106108,GRANDFATHER GOLF & COUNTRY CLU,Groundwater,250.0,10/19/2023,AVERY,10.3,2.5,ND,1.4,ND,4.73,,,,,,,,,,,,,,,,,,,,,,,,
,,,,,,,,,,,,NC0106422,GRANDFATHER HOME SOUTH CAMPUS,Groundwater,99.0,10/19/2023,AVERY,ND,ND,ND,ND,ND,ND,,,,,,,,,,,,,,,,,,,,,,,,
,,,,,,,,,,,,NC0120109,GRANNY SQUIRREL,Groundwater,142.0,9/20/2023,CHEROKEE,ND,ND,ND,ND,ND,ND,,,,,,,,,,,,,,,,,,,,,,,,
,,,,,,,,,,,,NC0239103,GRANVILLE FAMILY PARK,Groundwater,232.0,10/19/2023,GRANVILLE,1.6,1.15,ND,2.1,ND,1.02,,,,,,,,,,,,,,,,,,,,,,,,
,,,,,,,,,,,,NC0239124,GRANVILLE PINES MHP,Groundwater,53.0,8/30/2023,GRANVILLE,1.37,5.9,ND,ND,ND,1.6,,,,,,,,,,,,,,,,,,,,,,,,
,,,,,,,,,,,,NC3041119,GREATER VISION ACADEMY,Groundwater,125.0,9/21/2023,GUILFORD,1.31,1.29,ND,0.644,ND,ND,,,,,,,,,,,,,,,,,,,,,,,,
,,,,,,,,,,,,NC0180201,GREEN ACRES MHP,Groundwater,71.0,9/19/2023,ROWAN,ND,ND,ND,ND,ND,ND,,,,,,,,,,,,,,,,,,,,,,,,
,,,,,,,,,,,,NC0454109,GREEN ACRES MHP,Groundwater,229.0,11/17/2023,LENOIR,ND,ND,ND,ND,ND,ND,,,,,,,,,,,,,,,,,,,,,,,,
,,,,,,,,,,,,NC0113158,GREEN OAKS S/D,Groundwater,46.0,10/12/2023,CABARRUS,6.42,3.77,ND,3.48,ND,2.81,,,,,,,,,,,,,,,,,,,,,,,,
,,,,,,,,,,,,NC0392223,GREEN PINES PARK,Groundwater,66.0,7/25/2023,WAKE,12.5,9.79,0.213,4.78,ND,4.85,,,,,,,,,,,,,,,,,,,,,,,,
,,,,,,,,,,,,NC0144489,GREEN VALLEY MHP,Groundwater,110.0,7/27/2023,HAYWOOD,ND,ND,ND,ND,ND,ND,,,,,,,,,,,,,,,,,,,,,,,,
,,,,,,,,,,,,NC0474140,GREGORY MEADOWS AT BELVOIR NO. 1,Groundwater,124.0,7/27/2023,PITT,ND,ND,ND,ND,ND,ND,,,,,,,,,,,,,,,,,,,,,,,,
,,,,,,,,,,,,NC0474142,GREGORY MEADOWS AT BELVOIR NO. 2,Groundwater,200.0,7/27/2023,PITT,ND,ND,ND,ND,ND,ND,,,,,,,,,,,,,,,,,,,,,,,,
,,,,,,,,,,,,NC0279110,GUILROCK WEST MHP,Groundwater,100.0,9/5/2023,ROCKINGHAM,ND,ND,ND,ND,ND,ND,,,,,,,,,,,,,,,,,,,,,,,,
,,,,,,,,,,,,NC7071022,HAMPSTEAD PINES,Groundwater,178.0,8/7/2023,PENDER,ND,ND,ND,ND,ND,ND,,,,,,,,,,,,,,,,,,,,,,,,
,,,,,,,,,,,,NC0195111,HAMPTON MHP,Groundwater,37.0,7/11/2023,WATAUGA,3.83,3.21,ND,6.95,ND,1.17,,,,,,,,,,,,,,,,,,,,,,,,
,,,,,,,,,,,,NC0180184,HAPPY HOLLOW S/D,Groundwater,112.0,8/14/2023,ROWAN,3.64,2.71,ND,ND,ND,1.46,,,,,,,,,,,,,,,,,,,,,,,,
,,,,,,,,,,,,NC0156136,HARMONY ESTATES S/D,Groundwater,100.0,8/10/2023,MCDOWELL,ND,ND,ND,ND,ND,ND,,,,,,,,,,,,,,,,,,,,,,,,
,,,,,,,,,,,,NC0343045,HARNETT REGIONAL WATER,Surface Water,109415.0,8/16/2023,HARNETT,18.4,9.22,0.411,7.09,1.38,4.3,,,,,,,,,,,,,,,,,,,,,,,,
,,,,,,,,,,,,NC0382030,HARRELLS WATER CORP,Groundwater,1642.0,8/8/2023,SAMPSON,ND,ND,ND,ND,ND,ND,,,,,,,,,,,,,,,,,,,,,,,,
,,,,,,,,,,,,NC4092074,HARRISON RIDGE SUBDIVISION,Groundwater,117.0,5/9/2023,WAKE,1.18,1.23,ND,ND,ND,ND,,,,,,,,,,,,,,,,,,,,,,,,
,,,,,,,,,,,,NC0118296,HAWKS RIDGE S/D,Groundwater,155.0,10/4/2023,CATAWBA,ND,3.59,ND,7.04,ND,1.32,,,,,,,,,,,,,,,,,,,,,,,,
,,,,,,,,,,,,NC0195176,HEAVENLY MTN RESORT-VILLAGE,Groundwater,25.0,8/3/2023,WATAUGA,ND,ND,ND,ND,ND,ND,,,,,,,,,,,,,,,,,,,,,,,,
,,,,,,,,,,,,NC0157150,HERITAGE HILLS,Groundwater,74.0,8/31/2023,MACON,ND,ND,ND,ND,ND,ND,,,,,,,,,,,,,,,,,,,,,,,,
,,,,,,,,,,,,NC0136240,HICKORY GROVE MHP,Groundwater,69.0,10/18/2023,GASTON,6.18,8.31,ND,6.34,ND,7.19,,,,,,,,,,,,,,,,,,,,,,,,
,,,,,,,,,,,,NC0392332,HICKORY HAVEN S/D,Groundwater,51.0,7/10/2023,WAKE,0.904,ND,ND,0.66,ND,ND,,,,,,,,,,,,,,,,,,,,,,,,
,,,,,,,,,,,,NC0180425,HICKORY LANE MHP,Groundwater,83.0,9/11/2023,ROWAN,1.18,1.44,ND,1.35,ND,0.631,,,,,,,,,,,,,,,,,,,,,,,,
,,,,,,,,,,,,NC0136225,HICKORY VILLAGE MHP,Groundwater,165.0,8/2/2023,GASTON,29.2,33.9,ND,27.1,2.11,13.8,,,,,,,,,,,,,,,,,,,,,,,,
,,,,,,,,,,,,NC0276208,HIDDEN FOREST MHP,Groundwater,470.0,8/24/2023,RANDOLPH,ND,ND,ND,1.66,ND,0.731,,,,,,,,,,,,,,,,,,,,,,,,
,,,,,,,,,,,,NC0150136,HIGH HAMPTON INN/COUNTRY CLUB,Groundwater,721.0,8/24/2023,JACKSON,3.37,1.62,ND,ND,ND,0.588,,,,,,,,,,,,,,,,,,,,,,,,
,,,,,,,,,,,,NC1057013,HIGHGATE S/D,Groundwater,62.0,10/18/2023,MACON,ND,ND,ND,1.03,ND,ND,,,,,,,,,,,,,,,,,,,,,,,,
,,,,,,,,,,,,NC0150200,HIGHLANDS COVE S/D,Groundwater,511.0,8/9/2023,JACKSON,ND,ND,ND,ND,ND,ND,,,,,,,,,,,,,,,,,,,,,,,,
,,,,,,,,,,,,NC0157123,HIGHLANDS FALLS COUNTRY CLUB,Groundwater,650.0,8/3/2023,MACON,2.7,1.86,ND,0.621,ND,ND,,,,,,,,,,,,,,,,,,,,,,,,
,,,,,,,,,,,,,,Groundwater,,,,,ND,ND,,,,NC0347107,HILLCREST-SCURLOCK WATER INC,1369.0,8/15/2023,HOKE,ND,1.17,ND,0.796,,,,,,,,,,,,,,,
,,,,,,,,,,,,,,Groundwater,,,,,ND,ND,,,,NC4068009,HILLSBOROUGH UCC,84.0,6/6/2023,ORANGE,ND,ND,ND,ND,,,,,,,,,,,,,,,
,,,,,,,,,,,,,,Groundwater,,,,,ND,ND,,,,NC0136227,HOLLY FAYE MHP,60.0,8/2/2023,GASTON,ND,8.63,3.28,1.08,,,,,,,,,,,,,,,
,,,,,,,,,,,,,,Groundwater,,,,,ND,ND,,,,NC0201141,HOLLY TREE VILLAGE,198.0,11/2/2023,ALAMANCE,3.19,6.43,1.81,3.79,,,,,,,,,,,,,,,
,,,,,,,,,,,,,,Groundwater,,,,,ND,ND,,,,NC0368119,HOMESTEAD MHP,25.0,5/23/2023,ORANGE,2.99,1,3.56,4.81,,,,,,,,,,,,,,,
,,,,,,,,,,,,,,Groundwater,,,,,ND,ND,,,,NC0474110,HOMESTEAD MHP  NO 2,200.0,11/17/2023,PITT,ND,ND,ND,ND,,,,,,,,,,,,,,,
,,,,,,,,,,,,,,Groundwater,,,,,0.239,ND,,,,NC0392113,HORSESHOE MOBILE ESTATES,255.0,7/12/2023,WAKE,10.1,12,4.88,13.4,,,,,,,,,,,,,,,
,,,,,,,,,,,,,,Groundwater,,,,,ND,ND,,,,NC0156127,HOUSTON HOUSE REST HOME,40.0,9/27/2023,MCDOWELL,ND,ND,ND,ND,,,,,,,,,,,,,,,
,,,,,,,,,,,,,,Groundwater,,,,,ND,ND,,,,NC1061009,HUMPBACK MOUNTAIN,25.0,8/10/2023,MITCHELL,ND,ND,ND,ND,,,,,,,,,,,,,,,
,,,,,,,,,,,,,,Groundwater,,,,,ND,ND,,,,NC0416186,HUNTING ESTATES,80.0,8/1/2023,CARTERET,ND,ND,ND,ND,,,,,,,,,,,,,,,
,,,,,,,,,,,,,,Groundwater,,,,,ND,ND,,,,NC0241111,HUNTINGTON WOODS MHP,175.0,8/24/2023,GUILFORD,2.94,2.95,12.6,2.64,,,,,,,,,,,,,,,
,,,,,,,,,,,,,,Groundwater,,,,,ND,ND,,,,NC0291514,"IMAGINATION STATION ACADEMY, LLC",35.0,8/30/2023,VANCE,ND,6.68,5.97,1.42,,,,,,,,,,,,,,,
,,,,,,,,,,,,,,Groundwater,,,,,0.276,ND,,,,NC0188128,INDIAN LAKES ESTATE S/D,75.0,9/12/2023,TRANSYLVANIA,ND,ND,ND,ND,,,,,,,,,,,,,,,
,,,,,,,,,,,,,,Groundwater,,,,,ND,0.929,,,,NC0150501,INGLES SUPERMARKET  NO 110,66.0,8/9/2023,JACKSON,1.67,1.19,ND,ND,,,,,,,,,,,,,,,
,,,,,,,,,,,,,,Surface Water Purchase,,,,,ND,ND,,,,NC0149025,IREDELL WATER CORPORATION,24733.0,7/25/2023,IREDELL,ND,ND,ND,ND,,,,,,,,,,,,,,,
,,,,,,,,,,,,,,Groundwater,,,,,ND,ND,,,,NC0120410,J C CAMPBELL FOLK SCHOOL,97.0,9/20/2023,CHEROKEE,ND,ND,ND,ND,,,,,,,,,,,,,,,
,,,,,,,,,,,,,,Groundwater,,,,,ND,ND,,,,NC0454127,JACKSON HEIGHTS MHP,107.0,9/19/2023,LENOIR,ND,ND,ND,ND,,,,,,,,,,,,,,,
,,,,,,,,,,,,,,Groundwater,,,,,ND,ND,,,,NC4092146,JACKSON MANOR S/D,175.0,5/25/2023,WAKE,ND,ND,ND,ND,,,,,,,,,,,,,,,
,,,,,,,,,,,,,,Groundwater,,,,,ND,ND,,,,NC0279410,JACOB`S CRK NURSING AND REHAB CENTER,235.0,9/21/2023,ROCKINGHAM,ND,ND,7.48,ND,,,,,,,,,,,,,,,
,,,,,,,,,,,,,,Groundwater,,,,,ND,ND,,,,NC0440022,JASON WATER CORPORATION,331.0,9/6/2023,GREENE,ND,ND,ND,ND,,,,,,,,,,,,,,,
,,,,,,,,,,,,,,Groundwater,,,,,ND,ND,,,,NC0145161,JAY MAR TRAILER PARK,50.0,8/3/2023,HENDERSON,ND,ND,ND,ND,,,,,,,,,,,,,,,
,,,,,,,,,,,,,,Groundwater,,,,,ND,ND,,,,NC0392195,JCH MHP LLC,50.0,7/13/2023,WAKE,ND,ND,ND,ND,,,,,,,,,,,,,,,
,,,,,,,,,,,,,,Groundwater,,,,,ND,ND,,,,NC0105108,JEFFERSON LANDING,653.0,8/8/2023,ASHE,ND,ND,ND,ND,,,,,,,,,,,,,,,
,,,,,,,,,,,,,,Groundwater,,,,,ND,ND,,,,NC0392180,JEFFREYS MHP  NO 2,115.0,6/29/2023,WAKE,ND,ND,ND,ND,,,,,,,,,,,,,,,
,,,,,,,,,,,,,,Groundwater,,,,,ND,ND,,,,NC1045034,JETER MOUNTAIN MHP,54.0,8/17/2023,HENDERSON,1.93,8.85,3.78,2.64,,,,,,,,,,,,,,,
,,,,,,,,,,,,,,Groundwater,,,,,ND,0.714,,,,NC0112149,JONAS RIDGE REST HOME,80.0,10/5/2023,BURKE,7.54,1.4,0.839,0.662,,,,,,,,,,,,,,,
,,,,,,,,,,,,,,Groundwater,,,,,ND,ND,,,,NC4092145,KANATA MILLS S/D,233.0,5/25/2023,WAKE,ND,ND,ND,ND,,,,,,,,,,,,,,,
,,,,,,,,,,,,,,Groundwater,,,,,ND,ND,,,,NC3041085,KENSINGTON PLACE S/D,61.0,8/28/2023,GUILFORD,ND,ND,ND,ND,,,,,,,,,,,,,,,
,,,,,,,,,,,,,,Groundwater,,,,,0.446,ND,,,,NC4392409,KIDDIE UNIVERSITY,54.0,8/7/2023,WAKE,1.8,1.51,1.7,1.04,,,,,,,,,,,,,,,
,,,,,,,,,,,,,,Groundwater,,,,,ND,ND,,,,NC0235521,KIDS ZONE DAYCARE,63.0,6/12/2023,FRANKLIN,12.6,9.24,1.77,1.61,,,,,,,,,,,,,,,
,,,,,,,,,,,,,,Groundwater Under the Direct Influence of,,,,,,,,,,,,,,,,,,,,,,,,,,,,,,,,,
,,,,,,,,,,,,,,Surface Water,,,,,ND,ND,,,,NC0157117,KING MOUNTAIN CLUB WATER,150.0,9/13/2023,MACON,ND,ND,ND,ND,,,,,,,,,,,,,,,
,,,,,,,,,,,,,,Groundwater,,,,,ND,ND,,,,NC0149184,KINGS LANDING S/D,142.0,7/25/2023,IREDELL,1.85,5.87,1.92,1.72,,,,,,,,,,,,,,,
,,,,,,,,,,,,,,Groundwater,,,,,ND,ND,,,,NC4092133,KINGSTON MANOR S/D,88.0,5/25/2023,WAKE,ND,ND,ND,ND,,,,,,,,,,,,,,,
,,,,,,,,,,,,,,Groundwater,,,,,ND,ND,,,,NC0201118,KIRBY`S MHP,60.0,11/2/2023,ALAMANCE,2.18,3.59,ND,1.01,,,,,,,,,,,,,,,
,,,,,,,,,,,,,,Groundwater,,,,,ND,ND,,,,NC3041101,KNIGHT`S LANDING S/D,107.0,8/28/2023,GUILFORD,3.41,1.6,4.05,0.975,,,,,,,,,,,,,,,
,,,,,,,,,,,,,,Groundwater,,,,,ND,ND,,,,NC0392214,KNIGHTDALE ESTATES MHP,285.0,6/13/2023,WAKE,46.7,4.7,5.62,49,,,,,,,,,,,,,,,
,,,,,,,,,,,,,,Groundwater,,,,,ND,ND,,,,NC0145151,KNOLL RIDGE MHP,75.0,8/17/2023,HENDERSON,ND,ND,ND,ND,,,,,,,,,,,,,,,
,,,,,,,,,,,,,,Groundwater,,,,,ND,ND,,,,NC0118108,KOOL PARK MHP,70.0,9/27/2023,CATAWBA,1.37,1.43,ND,0.959,,,,,,,,,,,,,,,
,,,,,,,,,,,,,,Groundwater,,,,,ND,ND,,,,NC0118467,LAKE HICKORY RV RESORT,200.0,9/27/2023,CATAWBA,8.64,11.2,0.874,1.96,,,,,,,,,,,,,,,
,,,,,,,,,,,,,,Groundwater,,,,,ND,ND,,,,NC0156107,LAKE JAMES LODGE ASSISTED LIVI,80.0,10/5/2023,MCDOWELL,ND,ND,ND,1.25,,,,,,,,,,,,,,,
,,,,,,,,,,,,,,Groundwater,,,,,ND,ND,,,,NC0181138,LAKE LURE VILLAGE RESORT,206.0,11/3/2023,RUTHERFORD,ND,1.01,1.69,ND,,,,,,,,,,,,,,,
,,,,,,,,,,,,,,Groundwater,,,,,ND,ND,,,,NC0416205,LAKE ROAD MHP,40.0,8/1/2023,CARTERET,ND,ND,ND,ND,,,,,,,,,,,,,,,
,,,,,,,,,,,,,,Groundwater,,,,,ND,ND,,,,NC0145129,LAKE SHEILA WATER SYSTEM,98.0,8/30/2023,HENDERSON,ND,ND,ND,ND,,,,,,,,,,,,,,,
,,,,,,,,,,,,,,Groundwater,,,,,ND,ND,,,,NC0392150,LAKESIDE ESTATES,61.0,7/13/2023,WAKE,1.11,ND,ND,ND,,,,,,,,,,,,,,,
,,,,,,,,,,,,,,Groundwater,,,,,ND,ND,,,,NC0467136,LAURADALE S/D,2527.0,8/7/2023,ONSLOW,ND,ND,ND,ND,,,,,,,,,,,,,,,
,,,,,,,,,,,,,,Groundwater,,,,,ND,ND,,,,NC1057025,LAUREL HILLS,26.0,8/31/2023,MACON,ND,ND,ND,ND,,,,,,,,,,,,,,,
,,,,,,,,,,,,,,Groundwater,,,,,ND,ND,,,,NC0157137,LAUREL RIDGE,115.0,8/31/2023,MACON,ND,ND,1.57,ND,,,,,,,,,,,,,,,
,,,,,,,,,,,,,,Groundwater,,,,,ND,ND,,,,NC0195137,LAURELWOOD DEVELOPMENT,71.0,7/11/2023,WATAUGA,ND,0.924,0.886,ND,,,,,,,,,,,,,,,
,,,,,,,,,,,,,,Groundwater,,,,,ND,ND,,,,NC0136396,LAWS MHP,67.0,10/24/2023,GASTON,ND,ND,ND,ND,,,,,,,,,,,,,,,
,,,,,,,,,,,,,,Groundwater,,,,,ND,ND,,,,NC0471113,LEA ACRES WATER CO INC,120.0,8/8/2023,PENDER,ND,ND,ND,ND,,,,,,,,,,,,,,,
,,,,,,,,,,,,,,Groundwater,,,,,ND,ND,,,,NC4092127,LEONE LANDING,69.0,5/16/2023,WAKE,ND,ND,ND,ND,,,,,,,,,,,,,,,
,,,,,,,,,,,,,,Groundwater,,,,,ND,ND,,,,NC0276611,LEVEL CROSS CHRISTIAN SCHOOL,92.0,9/26/2023,RANDOLPH,ND,ND,ND,ND,,,,,,,,,,,,,,,
,,,,,,,,,,,,,,Groundwater,,,,,ND,ND,,,,NC2049041,LIBERTY PREPARATORY CHRISTIAN ACADEMY,510.0,7/25/2023,IREDELL,0.992,0.954,ND,ND,,,,,,,,,,,,,,,
,,,,,,,,,,,,,,Groundwater,,,,,0.211,ND,,,,NC0416142,LIGHTHOUSE WAY MHP & APTS,79.0,8/1/2023,CARTERET,5.53,5.35,1.97,1.21,,,,,,,,,,,,,,,
,,,,,,,,,,,,,,Groundwater,,,,,ND,ND,,,,NC0363129,LINDEN VILLAS WTR SYSTEM,44.0,8/15/2023,MOORE,1.08,2.17,0.608,1.06,,,,,,,,,,,,,,,
,,,,,,,,,,,,,,Groundwater,,,,,ND,ND,,,,NC0201188,LINEBERRY MHP,74.0,8/29/2023,ALAMANCE,ND,2.11,2.46,0.757,,,,,,,,,,,,,,,
,,,,,,,,,,,,,,Groundwater,,,,,ND,ND,,,,NC1056001,LINVILLE FALLS CLUB,125.0,10/5/2023,MCDOWELL,ND,ND,ND,ND,,,,,,,,,,,,,,,
,,,,,,,,,,,,,,Groundwater,,,,,ND,ND,,,,NC0106104,LINVILLE LAND HARBOR,2280.0,10/19/2023,AVERY,0.787,1.71,1.04,ND,,,,,,,,,,,,,,,
,,,,,,,,,,,,,,Groundwater,,,,,ND,ND,,,,NC0392153,LITTLE RIVER MHP,79.0,7/24/2023,WAKE,18.4,12.1,10.2,3.13,,,,,,,,,,,,,,,
,,,,,,,,,,,,,,Groundwater,,,,,ND,ND,,,,NC0156105,LITTLE SWITZERLAND COMM ASSOC,300.0,9/6/2023,MCDOWELL,0.821,ND,ND,ND,,,,,,,,,,,,,,,
,,,,,,,,,,,,,,Groundwater,,,,,ND,ND,,,,NC0392154,LONG`S MH VILLAGE,90.0,9/7/2023,WAKE,ND,ND,ND,ND,,,,,,,,,,,,,,,
,,,,,,,,,,,,,,Groundwater,,,,,ND,ND,,,,NC0136265,MAGNOLIA MHP,94.0,8/22/2023,GASTON,ND,2.05,2.38,2.08,,,,,,,,,,,,,,,
,,,,,,,,,,,,,,Groundwater,,,,,ND,ND,,,,NC0145172,MAGNOLIA MHP,138.0,8/3/2023,HENDERSON,3.16,4.31,2.41,2.3,,,,,,,,,,,,,,,
,,,,,,,,,,,,,,Groundwater,,,,,ND,ND,,,,NC0416167,MANN`S MHP,40.0,8/1/2023,CARTERET,5.84,3.43,ND,2.25,,,,,,,,,,,,,,,
,,,,,,,,,,,,,,Groundwater,,,,,ND,ND,,,,NC0145115,MAPLE HILLS MHP,185.0,9/13/2023,HENDERSON,2.69,4.99,3.41,1.83,,,,,,,,,,,,,,,
,,,,,,,,,,,,,,Groundwater,,,,,ND,ND,,,,NC0201174,MAPLE OAKS MHP,55.0,10/31/2023,ALAMANCE,ND,ND,ND,ND,,,,,,,,,,,,,,,
,,,,,,,,,,,,,,Groundwater,,,,,ND,1.16,,,,NC0201190,MAPLE VIEW MHP,96.0,8/15/2023,ALAMANCE,11.8,18.5,2.74,20.9,,,,,,,,,,,,,,,
,,,,,,,,,,,,,,Groundwater,,,,,ND,ND,,,,NC0120025,MARBLE COMMUNITY WTR SYSTEM,999.0,9/20/2023,CHEROKEE,ND,ND,ND,ND,,,,,,,,,,,,,,,
,,,,,,,,,,,,,,Groundwater,,,,,ND,ND,,,,NC0156132,MARION MOOSE LODGE,320.0,9/6/2023,MCDOWELL,ND,ND,ND,ND,,,,,,,,,,,,,,,
,,,,,,,,,,,,,,Groundwater,,,,,ND,ND,,,,NC0156133,MARION MOOSE LODGE-MOUNTAIN,160.0,9/6/2023,MCDOWELL,ND,ND,ND,ND,,,,,,,,,,,,,,,
,,,,,,,,,,,,,,Groundwater,,,,,ND,ND,,,,NC0155496,MARYVALE DAY SCHOOL & ST KATES,97.0,10/9/2023,LINCOLN,ND,ND,ND,ND,,,,,,,,,,,,,,,
,,,,,,,,,,,,,,Groundwater,,,,,ND,0.631,,,,NC0234167,MCBRIDE`S MHP,190.0,9/5/2023,FORSYTH,30.6,35.8,6.4,18.2,,,,,,,,,,,,,,,
,,,,,,,,,,,,,,Groundwater,,,,,ND,ND,,,,NC1056009,MCDOWELL HOUSE REST HOME,36.0,9/27/2023,MCDOWELL,ND,2.28,ND,ND,,,,,,,,,,,,,,,
,,,,,,,,,,,,,,Groundwater,,,,,ND,ND,,,,NC0392159,MEADOW LAKE S/D,42.0,7/12/2023,WAKE,1.06,1.29,ND,3.36,,,,,,,,,,,,,,,
,,,,,,,,,,,,,,Groundwater,,,,,ND,ND,,,,NC4035018,MEADOW LAKE S/D,102.0,5/25/2023,FRANKLIN,ND,ND,ND,ND,,,,,,,,,,,,,,,
,,,,,,,,,,,,,,Groundwater,,,,,ND,ND,,,,NC0201120,MEADOWLANE ESTATES MHP,48.0,8/29/2023,ALAMANCE,ND,ND,ND,ND,,,,,,,,,,,,,,,
,,,,,,,,,,,,,,Groundwater,,,,,ND,ND,,,,NC0241125,MEADOWVIEW MHP,92.0,10/24/2023,GUILFORD,1.54,2.24,0.756,0.825,,,,,,,,,,,,,,,
,,,,,,,,,,,,,,Groundwater,,,,,ND,ND,,,,NC0217107,MEADOWVIEW TRAILER COURT,60.0,10/26/2023,CASWELL,1.19,0.915,ND,0.744,,,,,,,,,,,,,,,
,,,,,,,,,,,,,,Groundwater,,,,,ND,ND,,,,NC0175102,MELMONT WATER SYSTEM,127.0,10/11/2023,POLK,ND,0.77,ND,ND,,,,,,,,,,,,,,,
,,,,,,,,,,,,,,Groundwater,,,,,ND,ND,,,,NC0136379,MELTON MHP,43.0,8/2/2023,GASTON,ND,1.41,1.97,1.33,,,,,,,,,,,,,,,
,,,,,,,,,,,,,,Groundwater,,,,,ND,ND,,,,NC4092174,MENDENHALL S/D,25.0,5/18/2023,WAKE,ND,ND,ND,ND,,,,,,,,,,,,,,,
,,,,,,,,,,,,,,Groundwater,,,,,ND,ND,,,,NC0149180,MIDWAY ROAD MHP,102.0,10/17/2023,IREDELL,ND,ND,ND,ND,,,,,,,,,,,,,,,
,,,,,,,,,,,,,,Groundwater,,,,,ND,ND,,,,NC0446025,MILLENNIUM WATER ASSOCIATION,711.0,11/13/2023,HERTFORD,ND,ND,ND,ND,,,,,,,,,,,,,,,
,,,,,,,,,,,,,,Groundwater,,,,,ND,ND,,,,NC0145565,MILLS RIVER SEVENTH DAY ADVENT,50.0,9/13/2023,HENDERSON,0.906,ND,ND,ND,,,,,,,,,,,,,,,
,,,,,,,,,,,,,,Groundwater,,,,,ND,ND,,,,NC4035009,MILLSTONE S/D,272.0,5/9/2023,FRANKLIN,ND,ND,ND,ND,,,,,,,,,,,,,,,
,,,,,,,,,,,,,,Groundwater,,,,,ND,ND,,,,NC0382536,MINTZ CHRISTIAN ACADEMY,250.0,8/8/2023,SAMPSON,ND,ND,ND,ND,,,,,,,,,,,,,,,
,,,,,,,,,,,,,,Groundwater,,,,,ND,ND,,,,NC0431103,MISSION PARK B&L TRAILER COURT,65.0,8/8/2023,DUPLIN,ND,ND,ND,ND,,,,,,,,,,,,,,,
,,,,,,,,,,,,,,Groundwater,,,,,ND,ND,,,,NC0180130,MOBIL LODGE MHP,94.0,10/26/2023,ROWAN,4.59,7.07,4.56,3.35,,,,,,,,,,,,,,,
,,,,,,,,,,,,,,Groundwater,,,,,0.194,ND,,,,NC0392303,MOBILE HILL ESTATE  NO 3,105.0,7/25/2023,WAKE,4.06,6.11,3.63,2.25,,,,,,,,,,,,,,,
,,,,,,,,,,,,,,Groundwater,,,,,ND,ND,,,,NC0136378,MOBILE HOME PARK HAVEN,142.0,10/18/2023,GASTON,ND,0.717,3.64,0.743,,,,,,,,,,,,,,,
,,,,,,,,,,,,,,Groundwater,,,,,ND,ND,,,,NC0241126,MONROE`S MHP,187.0,9/26/2023,GUILFORD,11.2,5.77,16.5,3.2,,,,,,,,,,,,,,,
,,,,,,,,,,,,,,Groundwater,,,,,ND,ND,,,,NC0235102,MONTGOMERY MOBILE ESTATES,0.0,6/12/2023,FRANKLIN,3.54,33.7,2.91,11.3,,,,,,,,,,,,,,,
,,,,,,,,,,,,,,Groundwater,,,,,ND,ND,,,,NC0150157,MORNING STAR ASSISTED LIVING OF JACKSON,80.0,7/27/2023,JACKSON,ND,ND,ND,ND,,,,,,,,,,,,,,,
,,,,,,,,,,,,,,Groundwater,,,,,ND,ND,,,,NC4092153,MORNINGTON S/D,170.0,5/16/2023,WAKE,ND,ND,ND,ND,,,,,,,,,,,,,,,
,,,,,,,,,,,,,,Groundwater,,,,,ND,ND,,,,NC0118283,MOUNTAIN CREEK SHORES S/D,102.0,9/6/2023,CATAWBA,ND,ND,ND,ND,,,,,,,,,,,,,,,
,,,,,,,,,,,,,,Groundwater,,,,,ND,ND,,,,NC3095014,MOUNTAIN PATHWAYS SCHOOL ANNEX,77.0,10/19/2023,WATAUGA,2.81,0.956,1.77,0.749,,,,,,,,,,,,,,,
,,,,,,,,,,,,,,Groundwater,,,,,ND,ND,,,,NC1050035,MOUNTAIN TOP GOLF & LAKE CLUB,406.0,8/28/2023,JACKSON,ND,ND,ND,ND,,,,,,,,,,,,,,,
,,,,,,,,,,,,,,Groundwater,,,,,ND,ND,,,,NC0145420,MOUNTAIN VIEW ASSISTED LIVING,44.0,8/3/2023,HENDERSON,ND,ND,ND,ND,,,,,,,,,,,,,,,
,,,,,,,,,,,,,,Groundwater,,,,,ND,ND,,,,NC0145162,MOUNTAIN VIEW MHP,67.0,9/19/2023,HENDERSON,ND,ND,ND,ND,,,,,,,,,,,,,,,
,,,,,,,,,,,,,,Groundwater,,,,,ND,ND,,,,NC0157132,MOUNTAIN VIEW RESORT,66.0,8/1/2023,MACON,ND,1.7,1.88,0.834,,,,,,,,,,,,,,,
,,,,,,,,,,,,,,Groundwater,,,,,ND,ND,,,,NC0136241,MOUNTAIN VILLAGE MHP,44.0,11/20/2023,GASTON,1.94,5.68,3.63,6.8,,,,,,,,,,,,,,,
,,,,,,,,,,,,,,Groundwater,,,,,ND,ND,,,,NC0276634,MT CALVARY CHRISTIAN SCHOOL,98.0,9/26/2023,RANDOLPH,6.5,5.99,1.84,3.25,,,,,,,,,,,,,,,
,,,,,,,,,,,,,,Groundwater,,,,,ND,ND,,,,NC0120115,MURPHY MHP,51.0,9/20/2023,CHEROKEE,ND,ND,ND,ND,,,,,,,,,,,,,,,
,,,,,,,,,,,,,,Groundwater,,,,,ND,ND,,,,NC0187562,NANTAHALA OUTDOOR--FLINT RIDGE,46.0,10/18/2023,SWAIN,ND,ND,ND,ND,,,,,,,,,,,,,,,
,,,,,,,,,,,,,,Groundwater,,,,,ND,ND,,,,NC0157147,NANTAHALA SHORES,53.0,10/25/2023,MACON,ND,ND,ND,ND,,,,,,,,,,,,,,,
,,,,,,,,,,,,,,Groundwater,,,,,ND,ND,,,,NC0187124,NANTAHALA VILLAGE,135.0,10/18/2023,SWAIN,ND,ND,1.76,ND,,,,,,,,,,,,,,,
,,,,,,,,,,,,,,Groundwater,,,,,ND,ND,,,,NC0235488,NELSON HEADSTART DAYCARE,58.0,8/29/2023,FRANKLIN,ND,ND,ND,ND,,,,,,,,,,,,,,,
,,,,,,,,,,,,,,Groundwater,,,,,0.446,1.34,,,,NC0326140,NEW TOWN APARTMENTS LLC,258.0,8/16/2023,CUMBERLAND,21.9,17.4,5.61,13.7,,,,,,,,,,,,,,,
,,,,,,,,,,,,,,Groundwater,,,,,ND,ND,,,,NC0416172,NEWPORT RIDGE MHP,71.0,8/1/2023,CARTERET,ND,ND,ND,ND,,,,,,,,,,,,,,,
,,,,,,,,,,,,,,Groundwater,,,,,ND,ND,,,,NC0425126,NORRIS MHP,91.0,11/16/2023,CRAVEN,ND,ND,ND,ND,,,,,,,,,,,,,,,
,,,,,,,,,,,,,,Surface Water Purchase,,,,,ND,ND,,,,NC0454025,NORTH LENOIR WATER CORP,15215.0,9/19/2023,LENOIR,ND,ND,ND,ND,,,,,,,,,,,,,,,
,,,,,,,,,,,,,,Groundwater,,,,,ND,ND,,,,NC0465179,NORTHSIDE MHP,180.0,7/31/2023,NEW HANOVER,3.96,1.13,1.18,1.19,,,,,,,,,,,,,,,
,,,,,,,,,,,,,,Groundwater,,,,,ND,ND,,,,NC0241651,NORTHWEST BAPTIST DAYCARE,32.0,10/26/2023,GUILFORD,6.13,5.25,1.73,2.25,,,,,,,,,,,,,,,
,,,,,,,,,,,,,,Groundwater,,,,,ND,ND,,,,NC0467030,NORTHWEST ONSLOW WATER ASSOC,2052.0,8/7/2023,ONSLOW,ND,ND,ND,ND,,,,,,,,,,,,,,,
,,,,,,,,,,,,,,Groundwater,,,,,ND,ND,,,,NC0347015,NORTHWEST WATER SUPPLY INC,1105.0,8/15/2023,HOKE,1.95,1.49,1,1.35,,,,,,,,,,,,,,,
,,,,,,,,,,,,,,Groundwater,,,,,ND,ND,,,,,,,,,,,,,NC0368152,OAK GROVE MHP,64.0,6/8/2023,ORANGE,ND,ND,ND,ND,,,,,,
,,,,,,,,,,,,,,Groundwater,,,,,ND,ND,,,,,,,,,,,,,NC3079008,OAK LEVEL BAPTIST ACADEMY-ROCKINGHAM CO,80.0,9/5/2023,ROCKINGHAM,ND,ND,ND,ND,,,,,,
,,,,,,,,,,,,,,Groundwater,,,,,ND,ND,,,,,,,,,,,,,NC0464115,OAK LEVEL MHP,99.0,7/17/2023,NASH,1.6,1.66,0.726,0.858,,,,,,
,,,,,,,,,,,,,,Groundwater,,,,,ND,ND,,,,,,,,,,,,,NC0113200,OAKLAND GLEN MHP,257.0,8/31/2023,CABARRUS,ND,ND,ND,ND,,,,,,
,,,,,,,,,,,,,,Groundwater,,,,,ND,ND,,,,,,,,,,,,,NC0180182,OAKLAND S/D,119.0,8/14/2023,ROWAN,3.17,4.68,2.54,1.97,,,,,,
,,,,,,,,,,,,,,Groundwater,,,,,ND,ND,,,,,,,,,,,,,NC0465138,OAKLEY MHP,92.0,7/31/2023,NEW HANOVER,11.3,4.07,3.18,1.64,,,,,,
,,,,,,,,,,,,,,Groundwater,,,,,0.26,ND,,,,,,,,,,,,,NC4092168,OLDE MILL TRACE S/D,394.0,5/16/2023,WAKE,1.58,5.17,1.49,2,,,,,,
,,,,,,,,,,,,,,Groundwater,,,,,ND,ND,,,,,,,,,,,,,NC1045008,OLETA FALLS S/D,75.0,8/3/2023,HENDERSON,ND,ND,ND,ND,,,,,,
,,,,,,,,,,,,,,Groundwater,,,,,ND,ND,,,,,,,,,,,,,NC2090016,OMNI MONTESORRI SCHOOL,50.0,9/18/2023,UNION,1.96,ND,ND,ND,,,,,,
,,,,,,,,,,,,,,Groundwater,,,,,ND,3.01,,,,,,,,,,,,,NC0368148,ORANGE MHP,81.0,5/4/2023,ORANGE,43.5,26.3,23.6,11.8,,,,,,
,,,,,,,,,,,,,,Groundwater,,,,,ND,ND,,,,,,,,,,,,,NC0467103,OSPREY COVE 1,475.0,8/7/2023,ONSLOW,ND,ND,ND,ND,,,,,,
,,,,,,,,,,,,,,Groundwater,,,,,ND,ND,,,,,,,,,,,,,NC0467102,OSPREY COVE 2,475.0,8/7/2023,ONSLOW,1.97,0.919,ND,ND,,,,,,
,,,,,,,,,,,,,,Groundwater,,,,,ND,ND,,,,,,,,,,,,,NC0113231,PARK CREEK S/D,203.0,8/31/2023,CABARRUS,0.848,1.24,2.86,2.9,,,,,,
,,,,,,,,,,,,,,Groundwater,,,,,ND,ND,,,,,,,,,,,,,NC0201204,PARK PLACE,97.0,10/31/2023,ALAMANCE,19.7,14,2.95,5.67,,,,,,
,,,,,,,,,,,,,,Groundwater,,,,,ND,ND,,,,,,,,,,,,,NC0114466,PATTERSON SCHOOL,50.0,10/4/2023,CALDWELL,ND,ND,ND,ND,,,,,,
,,,,,,,,,,,,,,Groundwater,,,,,ND,ND,,,,,,,,,,,,,NC0195127,PEBBLE CREEK APARTMENTS,52.0,7/26/2023,WATAUGA,ND,ND,ND,ND,,,,,,
,,,,,,,,,,,,,,Groundwater,,,,,ND,ND,,,,,,,,,,,,,NC1087004,PELOHI COVE,46.0,10/24/2023,SWAIN,ND,ND,ND,ND,,,,,,
,,,,,,,,,,,,,,Groundwater,,,,,ND,ND,,,,,,,,,,,,,NC0161400,PENLAND SCHOOL OF CRAFTS,100.0,8/10/2023,MITCHELL,ND,ND,ND,ND,,,,,,
,,,,,,,,,,,,,,Groundwater,,,,,ND,ND,,,,,,,,,,,,,NC0180651,PIEDMONT BAPT CH-FAMILY LIFE CENTER,30.0,10/12/2023,ROWAN,3.95,2.39,1.36,1.82,,,,,,
,,,,,,,,,,,,,,Groundwater,,,,,ND,ND,,,,,,,,,,,,,NC0235123,PINE FOREST MHP,84.0,6/12/2023,FRANKLIN,2.13,0.811,ND,ND,,,,,,
,,,,,,,,,,,,,,Groundwater,,,,,ND,ND,,,,,,,,,,,,,NC0118165,PINE HAVEN MHP,53.0,9/27/2023,CATAWBA,2.52,5.07,1.48,2.84,,,,,,
,,,,,,,,,,,,,,Groundwater,,,,,ND,ND,,,,,,,,,,,,,NC0416031,PINE KNOLL SHORES,4656.0,8/2/2023,CARTERET,ND,ND,ND,ND,,,,,,
,,,,,,,,,,,,,,Groundwater,,,,,ND,ND,,,,,,,,,,,,,NC0112133,PINE MOUNTAIN LAKES S/D,239.0,10/4/2023,BURKE,ND,ND,ND,ND,,,,,,
,,,,,,,,,,,,,,Groundwater,,,,,ND,ND,,,,,,,,,,,,,NC0113190,PINE RIDGE  NO 2,61.0,8/31/2023,CABARRUS,1.25,ND,ND,ND,,,,,,
,,,,,,,,,,,,,,Groundwater,,,,,ND,ND,,,,,,,,,,,,,NC0113181,PINE RIDGE MHP  NO 1,51.0,8/31/2023,CABARRUS,6.86,5.16,2.26,2.52,,,,,,
,,,,,,,,,,,,,,Groundwater,,,,,ND,ND,,,,,,,,,,,,,NC0353122,PINE VILLAGE MHC LLC,411.0,7/31/2023,LEE,2.46,0.909,1.04,1.35,,,,,,
,,,,,,,,,,,,,,Groundwater,,,,,ND,ND,,,,,,,,,,,,,NC0136176,PINES MHP,173.0,8/29/2023,GASTON,3.96,3.63,1.11,2.57,,,,,,
,,,,,,,,,,,,,,Groundwater,,,,,ND,ND,,,,,,,,,,,,,NC0392177,PINEVIEW ESTATES,83.0,7/13/2023,WAKE,2.28,4.54,11.7,9.63,,,,,,
,,,,,,,,,,,,,,Groundwater,,,,,ND,1.34,,,,,,,,,,,,,NC3041070,PLEASANT GARDEN WEESHINE PRESCHOOL,60.0,9/5/2023,GUILFORD,15,8.41,8.35,9.4,,,,,,
,,,,,,,,,,,,,,Groundwater,,,,,ND,ND,,,,,,,,,,,,,NC0392179,PLEASANT GROVE MHC,180.0,8/16/2023,WAKE,1.28,1.35,ND,0.857,,,,,,
,,,,,,,,,,,,,,Groundwater,,,,,ND,ND,,,,,,,,,,,,,NC0279163,PLEASANT RIDGE MHP,269.0,8/24/2023,ROCKINGHAM,ND,ND,2.02,ND,,,,,,
,,,,,,,,,,,,,,Groundwater,,,,,ND,ND,,,,,,,,,,,,,NC0427112,PONDEROSA MHP,300.0,11/15/2023,CURRITUCK,8.43,ND,1.06,6.83,,,,,,
,,,,,,,,,,,,,,Groundwater,,,,,ND,ND,,,,,,,,,,,,,NC0276205,POPLAR RIDGE MHP,203.0,9/26/2023,RANDOLPH,2.98,2.31,2.98,0.798,,,,,,
,,,,,,,,,,,,,,Groundwater,,,,,ND,ND,,,,,,,,,,,,,NC0113191,POPLAR TRAILS WATER SYSTEM,180.0,9/6/2023,CABARRUS,3.79,4.24,3.4,3.02,,,,,,
,,,,,,,,,,,,,,Groundwater,,,,,ND,ND,,,,,,,,,,,,,NC4092172,PRESCOTT S/D,80.0,5/18/2023,WAKE,ND,ND,ND,ND,,,,,,
,,,,,,,,,,,,,,Groundwater,,,,,ND,ND,,,,,,,,,,,,,NC1088008,PRESERVE AT ROCK CREEK,45.0,10/18/2023,TRANSYLVANIA,ND,ND,ND,ND,,,,,,
,,,,,,,,,,,,,,Groundwater,,,,,ND,ND,,,,,,,,,,,,,NC0113129,PRIVATE ACRES S/D,124.0,9/6/2023,CABARRUS,3.21,5.96,1.96,2.37,,,,,,
,,,,,,,,,,,,,,Groundwater,,,,,ND,ND,,,,,,,,,,,,,NC0416113,PRUITT HEALTH AT SEA LEVEL,110.0,8/9/2023,CARTERET,ND,ND,ND,ND,,,,,,
,,,,,,,,,,,,,,Groundwater,,,,,ND,ND,,,,,,,,,,,,,NC0279157,QUAIL ACRES MHP,178.0,8/24/2023,ROCKINGHAM,ND,1.91,2.83,1.92,,,,,,
,,,,,,,,,,,,,,Groundwater,,,,,ND,ND,,,,,,,,,,,,,NC3041060,RACHEL`S LANDING,51.0,8/28/2023,GUILFORD,ND,ND,ND,ND,,,,,,
,,,,,,,,,,,,,,Groundwater,,,,,ND,ND,,,,,,,,,,,,,NC0201166,RAE MCKENZIE MOBILE HOME PARK,100.0,10/31/2023,ALAMANCE,3.94,5.18,4.76,3.79,,,,,,
,,,,,,,,,,,,,,Groundwater,,,,,ND,ND,,,,,,,,,,,,,NC0136055,RAGAN VILLAGE WATER ASSOC,100.0,8/2/2023,GASTON,ND,4.24,4.37,18.7,,,,,,
,,,,,,,,,,,,,,Groundwater,,,,,0.742,ND,,,,,,,,,,,,,NC0326310,RAINTREE MHP,95.0,8/15/2023,CUMBERLAND,2.48,3.69,6.03,2.49,,,,,,
,,,,,,,,,,,,,,Groundwater,,,,,ND,ND,,,,,,,,,,,,,NC0111125,RANGEVIEW ACRES MHP,150.0,8/30/2023,BUNCOMBE,1.49,7.27,2.19,4.15,,,,,,
,,,,,,,,,,,,,,Groundwater,,,,,ND,ND,,,,,,,,,,,,,NC1056029,RECOVERY VENTURES CORPORATION,64.0,9/27/2023,MCDOWELL,ND,ND,ND,ND,,,,,,
,,,,,,,,,,,,,,Groundwater,,,,,ND,ND,,,,,,,,,,,,,NC0160168,REEDY CREEK MHP,64.0,9/18/2023,MECKLENBURG,1.96,2.41,1.96,2.09,,,,,,
,,,,,,,,,,,,,,Groundwater,,,,,ND,ND,,,,,,,,,,,,,NC3041122,REVOLUTION ACADEMY,780.0,9/5/2023,GUILFORD,ND,ND,ND,ND,,,,,,
,,,,,,,,,,,,,,Groundwater,,,,,ND,ND,,,,,,,,,,,,,NC0113204,"RHA HEALTH SERVICES, LLC",215.0,10/12/2023,CABARRUS,ND,ND,1.92,2.3,,,,,,
,,,,,,,,,,,,,,Groundwater,,,,,ND,ND,,,,,,,,,,,,,NC0188132,RIDGE HAVEN CONFERENCE CENTER,100.0,9/26/2023,TRANSYLVANIA,ND,ND,ND,ND,,,,,,
,,,,,,,,,,,,,,Groundwater,,,,,ND,ND,,,,,,,,,,,,,NC0111118,RIDGECREST CONFERENCE CENTER,950.0,8/30/2023,BUNCOMBE,ND,ND,ND,ND,,,,,,
,,,,,,,,,,,,,,Groundwater,,,,,ND,ND,,,,,,,,,,,,,NC0368160,RILEY`S MHP,65.0,6/6/2023,ORANGE,ND,ND,ND,ND,,,,,,
,,,,,,,,,,,,,,Groundwater,,,,,ND,ND,,,,,,,,,,,,,NC0276153,RIMMER`S MHP,63.0,9/26/2023,RANDOLPH,ND,ND,ND,ND,,,,,,
,,,,,,,,,,,,,,Groundwater,,,,,ND,ND,,,,,,,,,,,,,NC0299111,RIVERPOINTE S/D,74.0,10/24/2023,YADKIN,ND,ND,ND,ND,,,,,,
,,,,,,,,,,,,,,Groundwater,,,,,ND,ND,,,,,,,,,,,,,NC0150192,RIVERSIDE APARTMENTS,89.0,8/24/2023,JACKSON,1.35,4.47,4.67,1.02,,,,,,
,,,,,,,,,,,,,,Groundwater,,,,,ND,ND,,,,,,,,,,,,,NC0156135,RIVERSIDE MHP,399.0,9/26/2023,MCDOWELL,3,0.908,2.95,2.84,,,,,,
,,,,,,,,,,,,,,Groundwater,,,,,ND,ND,,,,,,,,,,,,,NC0464118,RIVERSIDE MHP,75.0,7/6/2023,NASH,3.51,5.28,9.41,1.79,,,,,,
,,,,,,,,,,,,,,Groundwater,,,,,ND,ND,,,,,,,,,,,,,NC0416182,RIVERSTONE,99.0,8/1/2023,CARTERET,3.53,14.7,0.585,1.56,,,,,,
,,,,,,,,,,,,,,Groundwater,,,,,ND,ND,,,,,,,,,,,,,NC0160379,RIVERWALK PLANTATION,89.0,10/3/2023,MECKLENBURG,ND,0.932,0.932,ND,,,,,,
,,,,,,,,,,,,,,Groundwater,,,,,ND,ND,,,,,,,,,,,,,NC0103104,ROARING GAP CLUB INC,470.0,8/8/2023,ALLEGHANY,ND,ND,ND,1.37,,,,,,
,,,,,,,,,,,,,,Groundwater,,,,,ND,ND,,,,,,,,,,,,,NC0241139,ROCK CREEK MH VILLAGE,275.0,9/21/2023,GUILFORD,3.38,1.71,0.994,0.98,,,,,,
,,,,,,,,,,,,,,Groundwater,,,,,ND,ND,,,,,,,,,,,,,NC0241216,ROCK CREEK MH VILLAGE  NO 2,305.0,9/21/2023,GUILFORD,1.74,2.2,1.08,0.982,,,,,,
,,,,,,,,,,,,,,Groundwater,,,,,0.237,ND,,,,,,,,,,,,,NC4092073,ROCKBRIDGE S/D,1042.0,8/22/2023,WAKE,ND,ND,0.668,ND,,,,,,
,,,,,,,,,,,,,,Groundwater,,,,,ND,ND,,,,,,,,,,,,,NC0113220,ROCKY RIVER PLANTATION S/D,300.0,10/3/2023,CABARRUS,1.68,2.48,5.52,2.28,,,,,,
,,,,,,,,,,,,,,Groundwater,,,,,ND,ND,,,,,,,,,,,,,NC0149165,ROLLING HILLS ESTATES,53.0,9/19/2023,IREDELL,2.98,2.92,1.71,1.18,,,,,,
,,,,,,,,,,,,,,Groundwater,,,,,ND,ND,,,,,,,,,,,,,NC0201202,RUSSETTE MEADOWS MHP,65.0,8/29/2023,ALAMANCE,ND,ND,3.79,ND,,,,,,
,,,,,,,,,,,,,,Groundwater,,,,,ND,ND,,,,,,,,,,,,,NC0180183,SAFRIT ANNEX WATER SYSTEM,51.0,8/14/2023,ROWAN,ND,ND,ND,0.93,,,,,,
,,,,,,,,,,,,,,Groundwater,,,,,ND,ND,,,,,,,,,,,,,NC0416518,SANCTUARY CHURCH II,25.0,8/1/2023,CARTERET,ND,ND,ND,ND,,,,,,
,,,,,,,,,,,,,,Groundwater,,,,,ND,ND,,,,,,,,,,,,,NC0425127,SANDERSON`S MHP,34.0,11/16/2023,CRAVEN,ND,ND,ND,ND,,,,,,
,,,,,,,,,,,,,,Groundwater,,,,,ND,ND,,,,,,,,,,,,,NC0427101,SANDY POINT RESORT & CAMPGROUND,559.0,11/15/2023,CURRITUCK,ND,ND,ND,ND,,,,,,
,,,,,,,,,,,,,,Groundwater,,,,,ND,ND,,,,,,,,,,,,,NC0138103,SANTEETLAH SHORES,58.0,10/4/2023,GRAHAM,ND,ND,ND,ND,,,,,,
,,,,,,,,,,,,,,Groundwater,,,,,ND,ND,,,,,,,,,,,,,NC0188127,SAPPHIRE LAKES DEVELOPMENT,724.0,9/28/2023,TRANSYLVANIA,ND,ND,ND,ND,,,,,,
,,,,,,,,,,,,,,Groundwater,,,,,ND,ND,,,,,,,,,,,,,NC0157154,SASSAFRAS GAP EMPLOYEE VILLAGE,107.0,10/18/2023,MACON,ND,1.37,0.681,2.09,,,,,,
,,,,,,,,,,,,,,Groundwater,,,,,ND,ND,,,,,,,,,,,,,NC0276215,SCENIC OAKS MHP,79.0,9/19/2023,RANDOLPH,6.33,7.67,5.04,1.53,,,,,,
,,,,,,,,,,,,,,Groundwater,,,,,ND,ND,,,,,,,,,,,,,NC0118272,"SD, SOUTH PARK LLC",97.0,11/13/2023,CATAWBA,ND,1.27,1.17,1.24,,,,,,
,,,,,,,,,,,,,,Groundwater,,,,,ND,ND,,,,,,,,,,,,,NC0416165,SEA SCAPE,60.0,8/1/2023,CARTERET,ND,ND,ND,ND,,,,,,
,,,,,,,,,,,,,,Groundwater,,,,,ND,ND,,,,,,,,,,,,,NC0201203,SELLARS MOBILE HOME PARK,48.0,8/15/2023,ALAMANCE,1.34,0.904,ND,ND,,,,,,
,,,,,,,,,,,,,,Groundwater,,,,,ND,ND,,,,,,,,,,,,,NC0239122,SER J`S COUNTRY LIVING MHP,65.0,6/12/2023,GRANVILLE,ND,ND,ND,ND,,,,,,
,,,,,,,,,,,,,,Groundwater,,,,,ND,ND,,,,,,,,,,,,,NC0392188,SHADY ACRES MH VILLAGE,115.0,5/11/2023,WAKE,3.28,7.83,9.96,8.65,,,,,,
,,,,,,,,,,,,,,Groundwater,,,,,ND,ND,,,,,,,,,,,,,NC0279159,SHADY ACRES MHP,90.0,9/21/2023,ROCKINGHAM,1.13,4.25,1.59,2.53,,,,,,
,,,,,,,,,,,,,,Groundwater,,,,,0.198,ND,,,,,,,,,,,,,NC0343104,SHADY GROVE MHP,241.0,8/16/2023,HARNETT,ND,ND,ND,ND,,,,,,
,,,,,,,,,,,,,,Groundwater,,,,,ND,ND,,,,,,,,,,,,,NC0465164,SHADY HAVEN MHP,46.0,7/31/2023,NEW HANOVER,ND,ND,ND,ND,,,,,,
,,,,,,,,,,,,,,Groundwater,,,,,ND,ND,,,,,,,,,,,,,NC0136373,SHADY REST MHP,69.0,10/24/2023,GASTON,ND,ND,0.905,ND,,,,,,
,,,,,,,,,,,,,,Groundwater,,,,,ND,ND,,,,,,,,,,,,,NC0464133,SHEPHERDS WAY S/D,115.0,5/30/2023,NASH,ND,0.904,ND,ND,,,,,,
,,,,,,,,,,,,,,Groundwater,,,,,ND,ND,,,,,,,,,,,,,NC0467164,SHERWOOD MHP,470.0,8/7/2023,ONSLOW,ND,ND,ND,ND,,,,,,
,,,,,,,,,,,,,,Groundwater,,,,,ND,ND,,,,,,,,,,,,,NC3041104,SHILOH SUBDIVISION,102.0,8/28/2023,GUILFORD,ND,ND,ND,ND,,,,,,
,,,,,,,,,,,,,,Groundwater,,,,,ND,ND,,,,,,,,,,,,,NC0113449,SHILOH UMC DAYCARE,60.0,10/26/2023,CABARRUS,ND,ND,0.648,0.72,,,,,,
,,,,,,,,,,,,,,Groundwater,,,,,ND,ND,,,,,,,,,,,,,NC6040000,SHINE WATER CORPORATION,447.0,9/6/2023,GREENE,ND,ND,ND,ND,,,,,,
,,,,,,,,,,,,,,Groundwater,,,,,ND,ND,,,,,,,,,,,,,NC0145135,SILENT SPRINGS PARK,25.0,8/17/2023,HENDERSON,ND,ND,ND,ND,,,,,,
,,,,,,,,,,,,,,Groundwater,,,,,ND,ND,,,,,,,,,,,,,NC0144127,SILVER BLUFF NURSING HOME,300.0,7/27/2023,HAYWOOD,ND,0.757,ND,1.09,,,,,,
,,,,,,,,,,,,,,Groundwater,,,,,ND,ND,,,,,,,,,,,,,NC0150168,SILVER SLIP,74.0,8/28/2023,JACKSON,ND,ND,ND,ND,,,,,,
,,,,,,,,,,,,,,Groundwater,,,,,ND,ND,,,,,,,,,,,,,NC0465217,SIMMONS HEIGHTS APARTMENTS,35.0,7/31/2023,NEW HANOVER,ND,ND,1.03,ND,,,,,,
,,,,,,,,,,,,,,Groundwater,,,,,ND,ND,,,,,,,,,,,,,NC0235137,"SLEEPY CREEK MHP (WELLS 3,4,5)",84.0,7/18/2023,FRANKLIN,ND,ND,3.02,ND,,,,,,
,,,,,,,,,,,,,,Groundwater,,,,,ND,ND,,,,,,,,,,,,,NC0201160,SLEEPY HOLLOW ESTATES MHP,240.0,8/29/2023,ALAMANCE,0.723,ND,0.633,ND,,,,,,
,,,,,,,,,,,,,,Groundwater,,,,,ND,ND,,,,,,,,,,,,,NC0187128,SMOKY MTN COUNTRY CLUB ESTATES,302.0,10/4/2023,SWAIN,ND,ND,ND,ND,,,,,,
,,,,,,,,,,,,,,Groundwater,,,,,ND,ND,,,,,,,,,,,,,NC0201563,SONYAS KIDZ DEPOT,48.0,10/31/2023,ALAMANCE,2.17,1.99,3.71,0.976,,,,,,
,,,,,,,,,,,,,,Groundwater,,,,,ND,ND,,,,,,,,,,,,,NC4068021,SOUTH GROVE SUBDIVISION,63.0,6/6/2023,ORANGE,ND,1.41,1.03,ND,,,,,,
,,,,,,,,,,,,,,Groundwater,,,,,ND,ND,,,,,,,,,,,,,NC0112426,SOUTH MOUNTAIN CHILDRENS HOME,80.0,10/5/2023,BURKE,ND,ND,ND,ND,,,,,,
,,,,,,,,,,,,,,Groundwater,,,,,0.215,ND,,,,,,,,,,,,,NC0465206,SOUTH RIDGE MHP,115.0,7/31/2023,NEW HANOVER,ND,1.32,2.51,0.764,,,,,,
,,,,,,,,,,,,,,Groundwater,,,,,ND,ND,,,,,,,,,,,,,NC0235118,SOUTHERN LIVING OF LOUISBURG,40.0,7/17/2023,FRANKLIN,3,1.59,ND,ND,,,,,,
,,,,,,,,,,,,,,Groundwater,,,,,ND,ND,,,,,,,,,,,,,NC4392141,SOUTHERN TRACE S/D,485.0,8/22/2023,WAKE,1.92,4.19,6.13,2.29,,,,,,
,,,,,,,,,,,,,,Groundwater,,,,,ND,ND,,,,,,,,,,,,,NC0149484,SOUTHVIEW CHRISTIAN SCHOOL,150.0,9/19/2023,IREDELL,ND,ND,ND,ND,,,,,,
,,,,,,,,,,,,,,Groundwater,,,,,ND,ND,,,,,,,,,,,,,NC3041015,SPENCER`S GROVE S/D,59.0,8/28/2023,GUILFORD,ND,ND,ND,ND,,,,,,
,,,,,,,,,,,,,,Groundwater,,,,,ND,ND,,,,,,,,,,,,,NC0150176,SPRING FOREST S/D,76.0,8/28/2023,JACKSON,ND,ND,ND,ND,,,,,,
,,,,,,,,,,,,,,Groundwater,,,,,ND,ND,,,,,,,,,,,,,NC0118291,SPRING LAKE MH S/D,61.0,11/13/2023,CATAWBA,ND,ND,ND,ND,,,,,,
,,,,,,,,,,,,,,Groundwater,,,,,ND,ND,,,,,,,,,,,,,NC0118294,SPRINGBROOK MH S/D,56.0,10/9/2023,CATAWBA,ND,0.782,0.648,ND,,,,,,
,,,,,,,,,,,,,,Groundwater,,,,,ND,ND,,,,,,,,,,,,,NC0144113,"SPRINGDALE PARTNERS, LLC",328.0,10/3/2023,HAYWOOD,ND,ND,ND,ND,,,,,,
,,,,,,,,,,,,,,Groundwater,,,,,ND,ND,,,,,,,,,,,,,NC1011045,STARVIEW HEIGHTS EXTENSION,94.0,8/1/2023,BUNCOMBE,ND,1.18,3.02,0.811,,,,,,
,,,,,,,,,,,,,,Groundwater,,,,,ND,ND,,,,,,,,,,,,,NC0149152,"STATESVILLE ESTATES MHC, LLC",104.0,9/19/2023,IREDELL,ND,ND,1.53,ND,,,,,,
,,,,,,,,,,,,,,Groundwater,,,,,ND,ND,,,,,,,,,,,,,NC0201560,STEP BY STEP CHILD CARE,60.0,11/2/2023,ALAMANCE,ND,ND,ND,ND,,,,,,
,,,,,,,,,,,,,,Groundwater,,,,,ND,ND,,,,,,,,,,,,,NC0241209,STERLING RIDGE S/D,104.0,10/31/2023,GUILFORD,6.89,7.46,2.15,2.87,,,,,,
,,,,,,,,,,,,,,Groundwater,,,,,ND,ND,,,,,,,,,,,,,NC1050089,STILLPOINT,36.0,8/9/2023,JACKSON,ND,ND,ND,ND,,,,,,
,,,,,,,,,,,,,,Surface Water Purchase,,,,,ND,ND,,,,,,,,,,,,,NC0474060,STOKES REGIONAL WATER CORP,3327.0,11/13/2023,PITT,ND,ND,ND,ND,,,,,,
,,,,,,,,,,,,,,Groundwater,,,,,ND,ND,,,,,,,,,,,,,NC0368193,STONEGATE MHP S/D,81.0,5/23/2023,ORANGE,9.7,5.05,2.64,3.28,,,,,,
,,,,,,,,,,,,,,Groundwater,,,,,ND,ND,,,,,,,,,,,,,NC0113217,STONES THROW MHP,180.0,10/3/2023,CABARRUS,0.939,ND,0.92,1.19,,,,,,
,,,,,,,,,,,,,,Groundwater,,,,,ND,ND,,,,,,,,,,,,,NC4092178,STONEWOOD MANOR S/D,127.0,5/16/2023,WAKE,ND,ND,ND,ND,,,,,,
,,,,,,,,,,,,,,Groundwater,,,,,ND,ND,,,,,,,,,,,,,NC0150131,STRAWBERRY HILL,81.0,7/20/2023,JACKSON,ND,ND,ND,ND,,,,,,
,,,,,,,,,,,,,,Groundwater,,,,,ND,ND,ND,ND,ND,,,,,,,,,,,,,,,,,,,NC1050063,SUMMIT CHARTER SCHOOL,300.0,8/9/2023,JACKSON,ND
,,,,,,,,,,,,,,Groundwater,,,,,ND,ND,1.01,ND,ND,,,,,,,,,,,,,,,,,,,NC0286153,SUNBOW S/D,71.0,10/24/2023,SURRY,ND
,,,,,,,,,,,,,,Groundwater,,,,,ND,0.989,0.751,ND,ND,,,,,,,,,,,,,,,,,,,NC0279121,SUNNY MEADOWS,70.0,10/26/2023,ROCKINGHAM,ND
,,,,,,,,,,,,,,Groundwater,,,,,6.61,3.57,4.8,ND,2.97,,,,,,,,,,,,,,,,,,,NC0363408,SUNSET DRIVE MHP,81.0,8/16/2023,MOORE,ND
,,,,,,,,,,,,,,Groundwater,,,,,ND,ND,ND,ND,ND,,,,,,,,,,,,,,,,,,,NC1056013,SUNSET POINT S/D,31.0,9/26/2023,MCDOWELL,ND
,,,,,,,,,,,,,,Groundwater,,,,,ND,ND,1.25,ND,ND,,,,,,,,,,,,,,,,,,,NC4092166,SWEETWATER S/D,110.0,5/9/2023,WAKE,ND
,,,,,,,,,,,,,,Groundwater,,,,,ND,ND,ND,ND,ND,,,,,,,,,,,,,,,,,,,NC0156112,SWISS VILLAGE WTR SYSTEM,64.0,9/26/2023,MCDOWELL,ND
,,,,,,,,,,,,,,Groundwater,,,,,3.54,6.72,13.1,ND,4.35,,,,,,,,,,,,,,,,,,,NC0180147,TANGLEWOOD S/D,231.0,8/14/2023,ROWAN,ND
,,,,,,,,,,,,,,Groundwater,,,,,ND,ND,ND,ND,ND,,,,,,,,,,,,,,,,,,,NC3041113,THATCHER WOODS,72.0,8/28/2023,GUILFORD,ND
,,,,,,,,,,,,,,Groundwater,,,,,ND,ND,1.52,ND,ND,,,,,,,,,,,,,,,,,,,NC0175107,THE BROW CONDOMINIUMS,96.0,10/11/2023,POLK,ND
,,,,,,,,,,,,,,Groundwater,,,,,ND,ND,0.647,ND,ND,,,,,,,,,,,,,,,,,,,NC1057008,THE GARDENS AT CAT CREEK,40.0,8/31/2023,MACON,ND
,,,,,,,,,,,,,,Groundwater,,,,,ND,0.803,0.8,ND,ND,,,,,,,,,,,,,,,,,,,NC2049001,THE HAMPSHIRES S/D,561.0,7/25/2023,IREDELL,ND
,,,,,,,,,,,,,,Groundwater,,,,,ND,ND,ND,ND,ND,,,,,,,,,,,,,,,,,,,NC4064027,THE OAKS AT HUNTER HILL,100.0,5/30/2023,NASH,ND
,,,,,,,,,,,,,,Groundwater,,,,,ND,ND,ND,ND,ND,,,,,,,,,,,,,,,,,,,NC1020006,THE SANCTUARY AT VANCE MTN,30.0,9/20/2023,CHEROKEE,ND
,,,,,,,,,,,,,,Groundwater,,,,,0.992,ND,2.06,ND,ND,,,,,,,,,,,,,,,,,,,NC0368182,THE TRAILS S/D,200.0,7/11/2023,ORANGE,ND
,,,,,,,,,,,,,,Groundwater,,,,,ND,ND,ND,ND,ND,,,,,,,,,,,,,,,,,,,NC0188428,THE WILDS CAMP,450.0,9/26/2023,TRANSYLVANIA,ND
,,,,,,,,,,,,,,Groundwater,,,,,ND,ND,ND,ND,ND,,,,,,,,,,,,,,,,,,,NC1050069,TIMBER RIDGE,48.0,8/28/2023,JACKSON,ND
,,,,,,,,,,,,,,Groundwater,,,,,ND,ND,ND,ND,ND,,,,,,,,,,,,,,,,,,,NC0138106,TOBACCO BRANCH VILLAGE,152.0,10/24/2023,GRAHAM,ND
,,,,,,,,,,,,,,Groundwater,,,,,ND,ND,ND,ND,ND,,,,,,,,,,,,,,,,,,,NC0471122,TOPSAIL GREENS S/D,549.0,8/7/2023,PENDER,ND
,,,,,,,,,,,,,,Groundwater,,,,,ND,ND,ND,ND,ND,,,,,,,,,,,,,,,,,,,NC0188130,TOXAWAY FALLS CONDOS,74.0,9/28/2023,TRANSYLVANIA,ND
,,,,,,,,,,,,,,Groundwater,,,,,21,9.71,1.93,0.967,4.93,,,,,,,,,,,,,,,,,,,NC0188119,TOXAWAY POINT,79.0,8/8/2023,TRANSYLVANIA,ND
,,,,,,,,,,,,,,Groundwater,,,,,ND,0.731,ND,ND,ND,,,,,,,,,,,,,,,,,,,NC0188537,TOXAWAY SHORES,64.0,9/28/2023,TRANSYLVANIA,ND
,,,,,,,,,,,,,,Groundwater,,,,,ND,ND,ND,ND,ND,,,,,,,,,,,,,,,,,,,NC0188131,TOXAWAY VILLAS,50.0,8/8/2023,TRANSYLVANIA,ND
,,,,,,,,,,,,,,Groundwater,,,,,6.12,3.7,1.09,ND,1.52,,,,,,,,,,,,,,,,,,,NC0241609,TRI CITY JUNIOR ACADEMY,226.0,9/5/2023,GUILFORD,ND
,,,,,,,,,,,,,,Groundwater,,,,,ND,ND,ND,ND,ND,,,,,,,,,,,,,,,,,,,NC0150193,TRILLIUM LINKS & VILLAGE,610.0,10/4/2023,JACKSON,ND
,,,,,,,,,,,,,,Groundwater,,,,,ND,ND,ND,ND,ND,,,,,,,,,,,,,,,,,,,NC1050042,TRILLIUM LINKS WEST,424.0,10/4/2023,JACKSON,ND
,,,,,,,,,,,,,,Groundwater,,,,,ND,ND,0.692,ND,ND,,,,,,,,,,,,,,,,,,,NC0392274,TRINITY FARMS S/D,42.0,8/7/2023,WAKE,ND
,,,,,,,,,,,,,,Groundwater,,,,,ND,ND,ND,ND,ND,,,,,,,,,,,,,,,,,,,NC0149546,TRIPLETT UMC DAYCARE,295.0,9/11/2023,IREDELL,ND
,,,,,,,,,,,,,,Groundwater,,,,,ND,ND,ND,ND,ND,,,,,,,,,,,,,,,,,,,NC0392395,TWIN LAKE FARM S/D,208.0,5/16/2023,WAKE,ND
,,,,,,,,,,,,,,Groundwater,,,,,ND,ND,ND,ND,ND,,,,,,,,,,,,,,,,,,,NC0293104,TWIN OAKS SHORES,70.0,7/20/2023,WARREN,ND
,,,,,,,,,,,,,,Groundwater,,,,,ND,ND,ND,ND,ND,,,,,,,,,,,,,,,,,,,NC0464128,TWIN OAKS TP,77.0,5/30/2023,NASH,ND
,,,,,,,,,,,,,,Groundwater,,,,,ND,ND,ND,ND,ND,,,,,,,,,,,,,,,,,,,NC0111147,UNDER THE BLUE RIDGE,50.0,8/30/2023,BUNCOMBE,ND
,,,,,,,,,,,,,,Groundwater,,,,,1.51,ND,8.88,ND,ND,,,,,,,,,,,,,,,,,,,NC0195162,VALLEY VIEW S/D,40.0,7/11/2023,WATAUGA,ND
,,,,,,,,,,,,,,Groundwater,,,,,3.75,2.64,ND,ND,1.01,,,,,,,,,,,,,,,,,,,NC0241413,VANDALIA CHRISTIAN SCHOOL,350.0,9/26/2023,GUILFORD,ND
,,,,,,,,,,,,,,Groundwater,,,,,ND,ND,ND,ND,ND,,,,,,,,,,,,,,,,,,,NC0416140,"VENEER VILLAGE, LLC",22.0,8/1/2023,CARTERET,ND
,,,,,,,,,,,,,,Groundwater,,,,,0.927,0.877,ND,ND,1.17,,,,,,,,,,,,,,,,,,,NC4092162,VERNON PLACE S/D,64.0,5/25/2023,WAKE,ND
,,,,,,,,,,,,,,Groundwater,,,,,ND,ND,ND,ND,ND,,,,,,,,,,,,,,,,,,,NC0150544,VICTORY CHRISTIAN SCHOOL,120.0,8/1/2023,JACKSON,ND
,,,,,,,,,,,,,,Groundwater,,,,,ND,ND,ND,ND,ND,,,,,,,,,,,,,,,,,,,NC5009003,WACCAMAW SIOUAN DAYCARE,42.0,8/8/2023,BLADEN,ND
,,,,,,,,,,,,,,Groundwater,,,,,ND,ND,ND,ND,ND,,,,,,,,,,,,,,,,,,,NC0150171,WADE HAMPTON CLUB,429.0,7/20/2023,JACKSON,ND
,,,,,,,,,,,,,,Groundwater,,,,,1.71,ND,ND,ND,ND,,,,,,,,,,,,,,,,,,,NC0241145,WARD`S MHP,41.0,9/26/2023,GUILFORD,ND
,,,,,,,,,,,,,,Groundwater,,,,,3.74,6.95,1.17,ND,1.88,,,,,,,,,,,,,,,,,,,NC0279125,WASHBURN MHP,83.0,9/21/2023,ROCKINGHAM,ND
,,,,,,,,,,,,,,Groundwater,,,,,1.38,ND,ND,ND,ND,,,,,,,,,,,,,,,,,,,NC0195103,WATAUGA MHP,45.0,10/19/2023,WATAUGA,ND
,,,,,,,,,,,,,,Groundwater,,,,,ND,ND,3.13,ND,ND,,,,,,,,,,,,,,,,,,,NC0188126,WATERFORD PLACE,95.0,9/13/2023,TRANSYLVANIA,ND
,,,,,,,,,,,,,,Groundwater,,,,,15.9,7.22,3.73,ND,2.13,,,,,,,,,,,,,,,,,,,NC0392202,WATKIN`S MHP,74.0,6/1/2023,WAKE,ND
,,,,,,,,,,,,,,Groundwater,,,,,ND,ND,ND,ND,ND,,,,,,,,,,,,,,,,,,,NC2090007,WAXHAW PRESBYTERIAN CH/DAYCARE,55.0,9/18/2023,UNION,ND
,,,,,,,,,,,,,,Groundwater,,,,,ND,ND,0.819,ND,ND,,,,,,,,,,,,,,,,,,,NC3041022,WEATHERSTONE @ OLDE FOREST S/D,170.0,8/28/2023,GUILFORD,ND
,,,,,,,,,,,,,,Groundwater,,,,,8.25,10.8,1.55,ND,4.43,,,,,,,,,,,,,,,,,,,NC0276143,WEST 49 MHP,93.0,9/19/2023,RANDOLPH,ND
,,,,,,,,,,,,,,Groundwater,,,,,ND,ND,ND,ND,ND,,,,,,,,,,,,,,,,,,,NC0416040,WEST CARTERET WATER CORP,19512.0,8/2/2023,CARTERET,ND
,,,,,,,,,,,,,,Groundwater,,,,,12.9,5.26,4.29,ND,3.54,,,,,,,,,,,,,,,,,,,NC0217020,WEST YANCEYVILLE WATER ASSOCIATION,180.0,8/29/2023,CASWELL,ND
,,,,,,,,,,,,,,Groundwater,,,,,8.73,2.92,4.54,ND,2.69,,,,,,,,,,,,,,,,,,,NC0332106,WHISPERING PINES MHP,305.0,8/30/2023,DURHAM,ND
,,,,,,,,,,,,,,Groundwater,,,,,0.828,ND,ND,ND,ND,,,,,,,,,,,,,,,,,,,NC0392207,WHISPERING PINES MHP,40.0,7/18/2023,WAKE,ND
,,,,,,,,,,,,,,Groundwater,,,,,ND,ND,ND,ND,ND,,,,,,,,,,,,,,,,,,,NC6059012,WHISPERING PINES MHP #1,89.0,11/20/2023,MARTIN,ND
,,,,,,,,,,,,,,Groundwater,,,,,3.4,3.23,2.52,ND,3.57,,,,,,,,,,,,,,,,,,,NC4092014,WHITE FLAG AT DEERCHASE S/D,25.0,5/9/2023,WAKE,ND
,,,,,,,,,,,,,,Groundwater,,,,,ND,0.847,ND,ND,0.642,,,,,,,,,,,,,,,,,,,NC0156122,WHITE PINES MHP,50.0,10/5/2023,MCDOWELL,ND
,,,,,,,,,,,,,,Groundwater,,,,,ND,ND,ND,ND,ND,,,,,,,,,,,,,,,,,,,NC0239495,WHITE RABBIT CHILD CARE & PS,96.0,10/19/2023,GRANVILLE,ND
,,,,,,,,,,,,,,Groundwater,,,,,1.55,2.51,2.35,ND,1.15,,,,,,,,,,,,,,,,,,,NC0157118,WILDCAT CLIFFS COUNTRY CLUB,445.0,8/3/2023,MACON,ND
,,,,,,,,,,,,,,Groundwater,,,,,1.22,1.23,1.66,ND,ND,,,,,,,,,,,,,,,,,,,NC0157135,WILDWOOD MOUNTAIN S/D,81.0,8/3/2023,MACON,ND
,,,,,,,,,,,,,,Groundwater,,,,,ND,ND,6.14,ND,ND,,,,,,,,,,,,,,,,,,,NC4392186,WILLOW HILLS S/D,102.0,8/16/2023,WAKE,ND
,,,,,,,,,,,,,,Groundwater,,,,,ND,ND,ND,ND,ND,,,,,,,,,,,,,,,,,,,NC0279156,WILLOW OAKS MHP,135.0,8/24/2023,ROCKINGHAM,ND
,,,,,,,,,,,,,,Groundwater,,,,,1.61,6.45,5.19,ND,4.58,,,,,,,,,,,,,,,,,,,NC0136346,WINDSOR HEIGHTS MHP,178.0,10/24/2023,GASTON,ND
,,,,,,,,,,,,,,Groundwater,,,,,1.95,1.33,1.42,ND,0.852,,,,,,,,,,,,,,,,,,,NC0136519,WINDY HILL MHP,58.0,10/3/2023,GASTON,ND
,,,,,,,,,,,,,,Groundwater,,,,,8.94,7.88,9.88,ND,1.6,,,,,,,,,,,,,,,,,,,NC0433120,WINSTEAD MOBILE TERRACE,200.0,7/17/2023,EDGECOMBE,ND
,,,,,,,,,,,,,,Groundwater,,,,,6.38,4.79,2.02,ND,2.39,,,,,,,,,,,,,,,,,,,NC0368138,WOOD`S MHP,51.0,5/4/2023,ORANGE,ND
,,,,,,,,,,,,,,Groundwater,,,,,ND,ND,0.748,ND,ND,,,,,,,,,,,,,,,,,,,NC0106124,WOODLAND MEADOWS,25.0,10/19/2023,AVERY,ND
,,,,,,,,,,,,,,Groundwater,,,,,6.99,2.54,2.13,ND,1.41,,,,,,,,,,,,,,,,,,,NC0368147,WOODLAND PARK,41.0,6/6/2023,ORANGE,ND
,,,,,,,,,,,,,,Groundwater,,,,,1.05,1.12,1.25,ND,0.79,,,,,,,,,,,,,,,,,,,NC2049007,WOODLAWN SCHOOL,225.0,7/25/2023,IREDELL,ND
,,,,,,,,,,,,,,Groundwater,,,,,ND,1.31,1.13,ND,0.724,,,,,,,,,,,,,,,,,,,NC0118316,WOODS HALL MHP,81.0,10/4/2023,CATAWBA,ND
,,,,,,,,,,,,,,Groundwater,,,,,2.48,2.41,1.3,ND,0.686,,,,,,,,,,,,,,,,,,,NC0286143,WOODVILLE ACRES - (PARK A),46.0,10/24/2023,SURRY,ND
,,,,,,,,,,,,,,Groundwater,,,,,ND,ND,ND,ND,ND,,,,,,,,,,,,,,,,,,,NC4092171,YARDLEY S/D,48.0,5/25/2023,WAKE,ND
,,,,,,,,,,,,,,Groundwater,,,,,ND,ND,ND,ND,ND,,,,,,,,,,,,,,,,,,,NC4092131,YATES MILL ESTATES,140.0,5/16/2023,WAKE,ND
,,,,,,,,,,,,,,Groundwater,,,,,ND,ND,ND,ND,ND,,,,,,,,,,,,,,,,,,,NC0111104,YMCA-BLUE RIDGE ASSEMBLY,200.0,8/1/2023,BUNCOMBE,ND
,,,,,,,,,,,,,,Groundwater,,,,,ND,ND,ND,ND,ND,,,,,,,,,,,,,,,,,,,NC1088002,YOUNG LIFE CAROLINA POINT,25.0,9/12/2023,TRANSYLVANIA,ND
,,,,,,,,,,,,,,Groundwater,,,,,ND,ND,ND,ND,ND,,,,,,,,,,,,,,,,,,,NC0111446,YOUNG LIFE WINDY GAP,450.0,8/10/2023,BUNCOMBE,ND
